r0,r1,n0,n1,m0,s0,m1,s1,lat_mean,lat_med,lat_std,lat_p10,lat_p90,lat_slow,lat_p75,lat_p25,lat_iqr,lat_fast,lat_neg,lat_skew,lat_kurt,lat_dur_corr,cvlat,cv0,bargein,bargein_rate,silence,silence_true,overlap_time,duration_s,caller_level_db,mf_mu_0,mf_mu_1,mf_mu_2,mf_mu_3,mf_mu_4,mf_mu_5,mf_mu_6,mf_mu_7,mf_mu_8,mf_mu_9,mf_mu_10,mf_mu_11,mf_mu_12,mf_sd_0,mf_sd_1,mf_sd_2,mf_sd_3,mf_sd_4,mf_sd_5,mf_sd_6,mf_sd_7,mf_sd_8,mf_sd_9,mf_sd_10,mf_sd_11,mf_sd_12,anon_id,label,split
0.267066149688639,0.43296909881330103,19.0,20.0,2.392631578947375,2.853379975628646,3.685000000000005,2.2909812308266506,3.15777777777778,3.2399999999999807,0.5433594631299222,2.596000000000012,3.7240000000000095,1.0,3.3400000000000034,2.7399999999999993,0.6000000000000041,0.0,0.0,0.6415739642535745,-0.26215132962849097,0.33900521849257387,0.17207020290713107,1.1925697209477628,0.0,0.0,51.059999999999775,51.13999999999976,0.0799999999999983,170.22,-0.17240634564319107,-255.922119140625,102.17793273925781,17.366147994995117,3.644132137298584,-35.86518096923828,-4.931416988372803,-23.600875854492188,-4.793919086456299,-22.8358154296875,-2.629619836807251,-15.295721054077148,-4.001823902130127,-12.667463302612305,77.33685302734375,27.288270950317383,34.48963928222656,18.367088317871094,20.54865074157715,16.671396255493164,16.777732849121094,11.195635795593262,11.559163093566895,9.907981872558594,9.304595947265625,9.834677696228027,7.399206161499023,call_0181ce113ebe,synthetic,train
0.32335049134300403,0.456715021057557,18.0,17.0,2.3033333333333323,4.189692377994143,3.4447058823529386,2.9243684439290036,0.6900000000000013,0.8599999999999994,1.9539703170723963,-1.4979999999999989,2.668000000000002,0.375,2.1250000000000036,-1.3000000000000043,3.425000000000008,0.5,0.5,0.16824470241888084,-1.427991936543858,0.5609969987200254,2.831841035131234,1.8189691937084695,4.0,0.2222222222222222,28.20000000000006,32.02000000000005,3.819999999999993,128.22,-0.17240634564319107,-68.94513702392578,75.53993225097656,2.1441490650177,13.499348640441895,-35.71007537841797,-8.885101318359375,-34.81272506713867,1.783116340637207,-21.60584259033203,1.6130696535110474,-12.598580360412598,-3.3036882877349854,-12.052388191223145,108.87007904052734,25.791105270385742,33.24565505981445,17.674182891845703,24.44757652282715,14.289349555969238,16.40143585205078,14.529133796691895,9.743573188781738,10.541537284851074,9.178118705749512,8.795247077941895,7.228089809417725,call_018c9d3823ac,synthetic,train
0.3400648448355725,0.4176007410838359,11.0,22.0,6.674545454545464,5.9213701787161055,4.098181818181826,3.7889883950536523,3.523999999999989,3.9099999999999935,1.8904348706051803,2.168,5.103999999999972,0.9,4.525000000000011,2.7299999999999685,1.7950000000000426,0.1,0.1,-0.9055759816732003,1.0246396018863662,0.07962118759447379,0.5364457633566233,0.8871570683208709,1.0,0.09090909090909091,52.31999999999974,53.019999999999754,0.700000000000017,215.9,-0.17240634564319107,-140.80360412597656,77.53925323486328,-13.924407958984375,-10.581247329711914,-52.54182052612305,-4.110555648803711,-26.298707962036133,-5.809781074523926,-19.430795669555664,-4.275521755218506,-14.756282806396484,-8.897716522216797,-12.440488815307617,84.56365203857422,27.08177375793457,34.28794479370117,17.089683532714844,28.22071075439453,14.621310234069824,20.135875701904297,10.558835983276367,12.910167694091797,9.043546676635742,10.717775344848633,7.988729476928711,7.990845680236816,call_01bf49059daf,synthetic,train
0.1689914163090126,0.5132778969957085,10.0,21.0,2.519999999999996,2.473717849715283,3.644761904761907,3.0180719468965647,2.793333333333337,2.5400000000000063,0.5575342540548055,2.4120000000000035,3.2400000000000038,1.0,2.8599999999999994,2.5,0.35999999999999943,0.0,0.0,1.9929931484128258,2.6932185183607595,-0.26154358328941557,0.19959460161881032,0.9816340669577988,0.0,0.0,47.379999999999995,47.379999999999995,0.0,149.12,-1.0454779796103157,-104.2569580078125,50.147972106933594,-45.20524597167969,-26.712238311767578,-58.80326461791992,4.262569904327393,-30.263689041137695,7.365377426147461,-26.28147315979004,-1.3489367961883545,-20.676517486572266,-8.780263900756836,-10.548819541931152,112.68991088867188,34.77741241455078,42.093475341796875,21.287620544433594,25.450422286987305,17.306396484375,17.609935760498047,12.036704063415527,13.577987670898438,10.106095314025879,9.63782787322998,10.494304656982422,11.55880069732666,call_01c3806808d6,synthetic,train
0.17668689097260482,0.5350248207391057,15.0,20.0,1.28133333333333,1.1006050861028918,2.9099999999999957,1.8572291188757513,0.08000000000000376,0.46000000000000796,2.3955471512466957,-1.3000000000000005,2.4120000000000035,0.23076923076923078,1.8400000000000034,-1.1799999999999926,3.019999999999996,0.46153846153846156,0.46153846153846156,-1.3103840530870272,1.51241889417929,-0.24918533997603481,29.94433901627805,0.8589529801591634,6.0,0.4,31.360000000000127,35.20000000000013,3.8400000000000034,108.78,-0.17240634564319107,-80.5430908203125,74.94915008544922,-7.6784138679504395,24.45615577697754,-22.444612503051758,5.99943733215332,-24.78703498840332,2.356147289276123,-11.82801628112793,-2.1951396465301514,-6.906944274902344,-4.488528728485107,-13.608294486999512,102.98115539550781,30.64281463623047,41.86447525024414,30.041790008544922,27.484312057495117,15.635315895080566,19.186878204345703,14.822352409362793,14.832476615905762,15.088418006896973,11.719489097595215,9.175498962402344,9.985640525817871,call_0294f969f98b,synthetic,val
0.19624503220501577,0.5132246128545976,17.0,26.0,1.6847058823529413,1.3291400034567182,2.88076923076923,2.79927727359008,1.4030769230769227,2.3200000000000074,2.089060829159598,-0.9439999999999911,2.648000000000002,0.6923076923076923,2.4200000000000017,2.0,0.4200000000000017,0.23076923076923078,0.23076923076923078,-1.9250347944414306,2.6449362917903736,-0.001019073454154424,1.4889139670898517,0.7889448339857593,3.0,0.17647058823529413,42.40000000000002,45.459999999999994,3.059999999999974,145.94,-0.17240634564319107,-149.73182678222656,101.489501953125,28.995601654052734,37.14101791381836,-19.520111083984375,-3.9211840629577637,-23.38388442993164,-6.275426387786865,-6.307727813720703,-0.7152085304260254,-5.026860237121582,-1.365216612815857,-10.237589836120605,92.09700012207031,30.71916961669922,27.938997268676758,24.156030654907227,17.06351661682129,14.558581352233887,13.202194213867188,16.23709487915039,14.122962951660156,9.609942436218262,9.780404090881348,7.482643127441406,7.549785614013672,call_02c249d2f89d,synthetic,train
0.2510568662211918,0.4482476476203461,13.0,16.0,2.8323076923076913,1.926216514094819,4.108749999999997,4.20796250428875,3.273333333333333,3.0400000000000063,0.6614462269233274,2.652000000000001,3.9839999999999782,1.0,3.460000000000001,2.760000000000005,0.6999999999999957,0.0,0.0,1.1217011732837672,0.4786008749908417,0.17365330274244622,0.20207114869284817,0.6800873078324693,0.0,0.0,44.10000000000005,44.360000000000056,0.2600000000000051,146.66,-0.17240634564319107,-129.45730590820312,66.06784057617188,-21.657669067382812,-1.4998092651367188,-58.29463577270508,-10.236835479736328,-26.270023345947266,-7.862123966217041,-21.66558074951172,-15.51498031616211,-15.97921371459961,-14.992876052856445,-8.623289108276367,88.17117309570312,25.564958572387695,34.95956802368164,16.101619720458984,25.80225372314453,17.093732833862305,18.01255226135254,10.560961723327637,12.301716804504395,11.042264938354492,8.67508602142334,8.602301597595215,7.872190475463867,call_02d28871d7b3,synthetic,train
0.4133686148182239,0.3875977910722508,22.0,13.0,3.2663636363636384,4.015435610303801,5.183076923076929,5.2876509029063135,1.733333333333328,2.0799999999999983,2.457008117383599,0.35199999999999854,3.2640000000000065,0.5555555555555556,2.480000000000004,1.7199999999999989,0.7600000000000051,0.1111111111111111,0.1111111111111111,-1.2851078943416223,1.9994019572765875,0.14179145255803186,1.4175046822881356,1.2293290203122507,1.0,0.045454545454545456,34.59999999999988,36.09999999999985,1.4999999999999716,173.84,-0.17240634564319107,-257.355712890625,103.5945816040039,7.7180047035217285,1.4207110404968262,-30.801616668701172,-7.80643367767334,-23.263038635253906,-5.479939937591553,-22.168529510498047,-3.590392827987671,-14.912810325622559,-4.837954044342041,-11.356629371643066,87.28485870361328,29.352073669433594,34.25483703613281,19.978710174560547,21.862443923950195,16.395156860351562,16.576841354370117,12.88412857055664,10.743228912353516,10.654647827148438,10.043209075927734,9.927252769470215,7.7003865242004395,call_03680846967f,synthetic,train
0.1786908228189366,0.675617383802438,10.0,22.0,3.3139999999999987,1.875015733267325,5.695454545454552,3.306093172630758,0.5155555555555553,0.9200000000000017,1.4457839942483415,-0.17599999999999605,1.2600000000000025,0.0,1.1800000000000068,0.799999999999983,0.3800000000000239,0.1111111111111111,0.1111111111111111,-2.349026662866836,3.7818504741698717,0.24437155208515549,2.8043223971974522,0.5657862802358297,1.0,0.1,27.019999999999868,27.33999999999986,0.3199999999999932,185.46,-0.17240634564319107,-108.57061004638672,119.67301940917969,-21.39007568359375,2.4999279975891113,-13.529102325439453,-23.201059341430664,-29.346790313720703,-28.14917755126953,-7.318037033081055,-12.589640617370605,-3.5100088119506836,-0.47219759225845337,-8.1195707321167,72.03116607666016,20.854904174804688,27.119543075561523,21.640033721923828,12.725013732910156,12.546706199645996,11.11805248260498,10.348129272460938,9.679837226867676,7.815290927886963,7.115593433380127,6.850783824920654,6.479196071624756,call_04d682ac0cef,human,train
0.3916804930078221,0.3731926996918706,25.0,17.0,2.644000000000002,1.2331423275518523,3.7047058823529455,3.1308223269464865,2.548888888888885,2.3000000000000043,0.7992280225935289,1.9000000000000028,3.352000000000007,0.8888888888888888,3.159999999999968,2.239999999999995,0.9199999999999733,0.0,0.0,0.016994021909758978,-0.0705233017694642,0.5235108401646796,0.31355938101655345,0.46639271069797983,0.0,0.0,39.679999999999865,41.85999999999986,2.1799999999999926,168.76,-4.359916692464292,-144.77713012695312,72.89493560791016,-22.597318649291992,16.05136489868164,-38.330596923828125,-9.87955093383789,-36.39837646484375,-8.414460182189941,-23.64226722717285,-8.849008560180664,-11.88222885131836,-8.368403434753418,-10.2410306930542,79.08936309814453,27.96807861328125,32.19197082519531,23.617481231689453,22.874313354492188,12.33991813659668,14.604819297790527,12.932353973388672,10.059685707092285,9.047584533691406,9.42547607421875,8.757872581481934,7.5333662033081055,call_05d6615469e1,synthetic,train
0.2604351991241279,0.6258382373066922,27.0,17.0,1.4096296296296313,1.7121731512504277,5.38,3.7002639015584404,-1.104705882352942,-0.4200000000000017,2.427756450734513,-3.615999999999994,1.0840000000000023,0.0,0.6799999999999784,-2.440000000000026,3.1200000000000045,0.6470588235294118,0.5882352941176471,-1.446093853339246,1.9841950219269266,-0.2522159117150617,2.197649607301738,1.2146262493685387,10.0,0.37037037037037035,16.619999999999948,26.83999999999996,10.220000000000013,146.14,-1.0454779796103157,-233.69970703125,60.88603591918945,-21.810205459594727,15.448235511779785,-37.779422760009766,-16.017236709594727,-20.290342330932617,-10.597541809082031,-9.600556373596191,-2.8373067378997803,-9.402176856994629,-7.228349208831787,-11.263420104980469,135.91209411621094,38.323402404785156,53.382999420166016,26.13794708251953,30.776809692382812,16.280054092407227,14.4651460647583,15.088068962097168,13.876961708068848,14.807079315185547,11.526290893554688,9.908801078796387,8.6586275100708,call_0615c3630150,human,train
0.18962815215842702,0.565322695540675,12.0,16.0,2.218333333333332,2.008904483100733,4.959999999999997,3.011610864637065,1.6100000000000052,2.130000000000006,1.9016045856065855,-1.1599999999999966,3.359999999999999,0.7,2.9150000000000045,-0.3049999999999873,3.2199999999999918,0.3,0.3,-0.5025430528283225,-1.225191251565907,0.47252423277806666,1.181120859891589,0.9055918026424383,3.0,0.25,34.40000000000006,36.34000000000006,1.9399999999999977,140.38,-0.453790909505865,-52.089759826660156,79.45055389404297,-15.636749267578125,19.605154037475586,-44.0787353515625,0.32391247153282166,-34.007442474365234,1.8903656005859375,-12.388670921325684,4.462420463562012,-2.81756591796875,-5.992044448852539,-7.2596821784973145,73.52821350097656,24.022432327270508,29.52237319946289,25.082515716552734,23.108409881591797,15.426000595092773,15.914756774902344,14.035933494567871,10.311596870422363,11.093502044677734,9.654852867126465,8.815454483032227,8.741427421569824,call_064d8dd77899,synthetic,train
0.39008264462809955,0.45289256198347083,14.0,17.0,3.7085714285714317,5.528279062036854,3.5458823529411743,2.585186439569812,-0.6454545454545454,-1.2199999999999953,2.2290004430700803,-1.519999999999996,1.6800000000000068,0.09090909090909091,1.480000000000003,-1.3800000000000239,2.860000000000027,0.6363636363636364,0.6363636363636364,-0.9539424379809707,0.8187142702344232,-0.13513405376091714,3.453380962786436,1.4906761719500468,7.0,0.5,20.899999999999977,26.62000000000002,5.7200000000000415,133.1,-2.729418803901351,-148.20980834960938,69.77478790283203,-25.849916458129883,15.24427318572998,-43.19913864135742,-11.362658500671387,-34.59283447265625,-8.112038612365723,-22.49712562561035,-7.8738694190979,-11.34312915802002,-9.436814308166504,-11.50599193572998,87.92974090576172,29.48525619506836,36.708980560302734,23.001930236816406,24.848756790161133,14.330534934997559,16.80538558959961,15.574376106262207,11.052591323852539,9.967171669006348,10.547969818115234,9.427946090698242,7.967546463012695,call_06b5a78ea12e,synthetic,train
0.2363951473136911,0.48180242634315384,13.0,12.0,2.098461538461535,1.772029892758132,4.63333333333333,3.000981320983004,2.1875000000000053,1.9000000000000057,0.5867654983040476,1.7760000000000058,3.1400000000000037,0.375,2.2850000000000037,1.875000000000008,0.4099999999999957,0.0,0.0,1.0359483515311516,-0.6482505143700306,0.20239023258148336,0.26823565624494194,0.8444423971729473,0.0,0.0,32.520000000000095,32.520000000000095,0.0,115.4,-0.17240634564319107,-138.3217010498047,60.75189208984375,-19.168197631835938,1.861510992050171,-59.16720199584961,-15.279291152954102,-30.330087661743164,3.307077407836914,-20.834922790527344,-3.5308728218078613,-19.609210968017578,-10.709434509277344,-13.062276840209961,81.26899719238281,22.087371826171875,35.26070022583008,17.650224685668945,28.542877197265625,16.32213592529297,16.66779136657715,11.641804695129395,12.581954956054688,11.522050857543945,9.531954765319824,8.354575157165527,8.160921096801758,call_0847d7417bb1,synthetic,val
0.2331552389433058,0.6810626298604922,28.0,22.0,1.1221428571428531,1.2772776774476735,4.171818181818178,4.324087540493516,-1.2453333333333296,-0.9799999999999969,1.8104064614211797,-3.6399999999999952,0.8840000000000059,0.0,-0.029999999999997584,-2.4999999999999964,2.469999999999999,0.8,0.7333333333333333,-0.35667333013149155,-0.7805534651687034,-0.36394870983176014,1.4537525106804865,1.1382487249097397,11.0,0.39285714285714285,11.560000000000187,23.74000000000008,12.179999999999907,134.76,-1.6804367023188145,-224.31346130371094,61.724342346191406,-23.13249969482422,8.230724334716797,-33.77750015258789,-13.796031951904297,-20.748666763305664,-10.44433879852295,-8.754295349121094,-2.1635780334472656,-11.67332649230957,-5.500584602355957,-11.152915000915527,129.2211456298828,40.565452575683594,55.81415557861328,31.54532241821289,30.030838012695312,18.423187255859375,18.434768676757812,15.285195350646973,13.645705223083496,13.3056058883667,11.267148971557617,10.26583194732666,9.26673412322998,call_092aef8d1243,human,train
0.24097363083164314,0.4674780256930357,9.0,18.0,3.9600000000000026,1.97697861507009,3.8411111111111103,2.8756794151583476,3.38222222222222,3.1799999999999926,0.7223692158104533,2.476000000000005,4.279999999999999,1.0,4.21999999999997,3.0,1.2199999999999704,0.0,0.0,0.29777511163146764,-1.3304847625645928,0.5247134766718493,0.2135782831922431,0.4992370238815282,0.0,0.0,43.120000000000005,44.01999999999998,0.8999999999999773,147.9,-0.17240634564319107,-60.415592193603516,37.76957321166992,-18.589271545410156,-4.230360984802246,-54.306617736816406,-5.321836471557617,-40.59922790527344,4.633358478546143,-31.029024124145508,1.0636725425720215,-19.97513771057129,-5.7587127685546875,-13.87863540649414,99.41950225830078,33.36967468261719,37.20083999633789,20.324058532714844,27.427064895629883,15.399890899658203,18.074508666992188,11.974273681640625,14.133596420288086,10.07258129119873,8.87055778503418,9.807971000671387,9.813070297241211,call_098d8081babe,synthetic,train
0.28481262327416146,0.42781065088757364,13.0,15.0,2.2215384615384597,2.153872527311057,2.8919999999999977,1.8595741447976732,1.862500000000002,2.190000000000005,1.159156482102396,1.0859999999999994,2.5040000000000044,0.875,2.345000000000004,2.0699999999999985,0.2750000000000057,0.125,0.125,-2.071098613658391,2.70027059884693,-0.13834847351901944,0.6223658960966598,0.96954095714819,1.0,0.07692307692307693,29.14000000000007,30.10000000000005,0.9599999999999795,101.4,-0.17240634564319107,-148.16383361816406,101.92095947265625,29.508026123046875,34.81694030761719,-20.91889190673828,-3.733248710632324,-24.380104064941406,-9.249226570129395,-7.297948837280273,-2.42989444732666,-4.298050880432129,-2.7163519859313965,-10.580793380737305,96.87750244140625,28.624988555908203,25.645633697509766,24.644372940063477,16.50638771057129,15.49559211730957,15.126532554626465,13.783365249633789,12.918034553527832,9.366490364074707,10.136515617370605,8.121631622314453,7.950489044189453,call_099dffdf8486,synthetic,train
0.16340092008860088,0.6317941727721924,8.0,19.0,2.3974999999999964,1.4149712894613795,3.903157894736839,2.673316593044713,0.9628571428571485,1.220000000000013,0.8490955572290567,0.21200000000000352,1.4880000000000047,0.0,1.300000000000006,1.1200000000000045,0.1800000000000015,0.14285714285714285,0.14285714285714285,-1.797471620071909,1.7112308885738594,0.2781243225756841,0.8818499843368565,0.5901861476000815,1.0,0.125,24.040000000000077,24.300000000000082,0.2600000000000051,117.38,-0.453790909505865,-139.3184051513672,61.60505294799805,17.497642517089844,15.591773986816406,-19.397594451904297,-18.570850372314453,-25.34450912475586,-4.471039295196533,-14.041939735412598,1.9297821521759033,-0.9041537642478943,-2.8661091327667236,-2.483551263809204,87.14885711669922,35.58591079711914,32.20533752441406,27.572534561157227,22.110931396484375,14.217658996582031,15.954460144042969,12.070290565490723,11.947999954223633,8.754753112792969,7.874419689178467,6.902156352996826,7.583985328674316,call_0a9c546208d1,human,train
0.20059134765017078,0.5577342047930279,13.0,20.0,1.9830769230769194,1.6987388290927639,3.5839999999999974,2.8663188936334367,0.8240000000000014,1.3000000000000007,1.1577840904071868,-1.4139999999999924,1.627999999999998,0.0,1.4500000000000004,1.2050000000000018,0.24499999999999855,0.2,0.2,-1.4348023835389068,0.1778645225214066,0.3346159997125738,1.4050777779151784,0.8566177178847921,2.0,0.15384615384615385,31.060000000000116,33.58000000000011,2.519999999999996,128.52,-3.506464564079912,-173.2417449951172,68.1784439086914,-0.11270785331726074,10.871811866760254,-28.153411865234375,-21.14130401611328,-23.10480499267578,-17.69222068786621,-8.817493438720703,-3.7340087890625,-6.814520835876465,-2.8075084686279297,-12.840266227722168,92.60991668701172,34.41120910644531,36.83182907104492,24.572542190551758,18.96734619140625,14.471973419189453,12.895552635192871,11.810547828674316,10.45596981048584,9.799025535583496,9.48434829711914,7.793206691741943,8.608617782592773,call_0ab7d2a0c0f5,human,train
0.32314465408805043,0.43044025157232757,21.0,19.0,2.4466666666666677,1.4104282812351483,3.602105263157899,2.7732928916008697,2.946666666666667,2.460000000000008,0.9009131170342866,2.1160000000000094,4.0280000000000005,0.8888888888888888,3.839999999999975,2.260000000000005,1.5799999999999699,0.0,0.0,0.5994850700300179,-1.1198613157700248,-0.2558808160749526,0.3057397454961131,0.5764693245198957,0.0,0.0,39.17999999999989,41.459999999999894,2.280000000000001,159.0,-2.365499148623004,-151.43836975097656,67.5508041381836,-16.56256866455078,-4.275859832763672,-53.24991226196289,-13.328032493591309,-37.28925704956055,-0.38617947697639465,-23.825780868530273,-1.5066851377487183,-16.279590606689453,-14.881278991699219,-14.087718963623047,70.39990234375,25.4296817779541,38.03694152832031,17.78456687927246,24.974245071411133,12.107919692993164,15.96713924407959,9.784260749816895,11.472150802612305,8.485077857971191,7.8004350662231445,7.108128070831299,6.9211344718933105,call_0cf2f4a71328,synthetic,val
0.3343842552784955,0.4740613356262551,34.0,25.0,2.058823529411772,2.546337351969412,3.9696000000000096,4.920452401964679,1.299999999999989,1.699999999999985,1.038781337273005,-0.17800000000002844,2.104000000000004,0.16666666666666666,1.9150000000000045,1.2949999999999982,0.6200000000000063,0.16666666666666666,0.16666666666666666,-1.541081219923269,1.1602432209928741,0.30432530584053746,0.799062566518424,1.2367924274986966,2.0,0.058823529411764705,40.09999999999951,43.77999999999963,3.680000000000092,209.34,-0.17240634564319107,-251.72837829589844,99.13884735107422,8.301328659057617,3.63272762298584,-32.06741714477539,-5.9641313552856445,-23.228925704956055,-4.351255416870117,-22.584680557250977,-2.8140642642974854,-15.25023365020752,-4.609954357147217,-12.123403549194336,86.53596496582031,28.5606746673584,36.04160690307617,19.375242233276367,21.519176483154297,15.942042350769043,16.7150936126709,12.504620552062988,11.797649383544922,11.196584701538086,9.935802459716797,9.21829891204834,8.516648292541504,call_0e101713ee94,synthetic,train
0.1860321384425215,0.6469406674907288,13.0,24.0,1.852307692307691,1.5393812635459145,3.4891666666666636,2.6406752871608834,0.18400000000000225,0.5500000000000032,0.9964657545545657,-1.3859999999999957,1.1899999999999935,0.0,1.0000000000000089,-0.5749999999999997,1.5750000000000086,0.5,0.4,-0.5307614500936936,-1.2687587877625925,0.4677376443072924,5.415574723581407,0.8310613129274544,4.0,0.3076923076923077,21.62000000000009,24.680000000000078,3.059999999999988,129.44,-4.820299282583858,-191.61874389648438,61.81656265258789,17.781177520751953,-12.745583534240723,-51.48810577392578,-9.947094917297363,-22.66925048828125,-1.911847472190857,-18.447092056274414,-5.328579425811768,-10.9694185256958,-8.715185165405273,-9.643217086791992,98.6607666015625,30.93480682373047,35.0961799621582,20.905595779418945,23.745153427124023,15.43527603149414,14.761136054992676,14.245100975036621,10.811418533325195,9.514175415039062,8.296951293945312,6.897664546966553,6.740762233734131,call_0e1e2f29bfdc,human,val
0.1681844888366626,0.5854876615746177,12.0,19.0,1.9083333333333314,1.3678318203963824,4.195789473684208,3.26555599487724,0.905000000000002,1.0600000000000023,1.4805882839826474,-1.1999999999999915,2.726000000000005,0.25,1.9250000000000043,0.4950000000000081,1.4299999999999962,0.25,0.25,-0.5667607403693891,-0.6154311660605418,-0.6419903888607903,1.6360091517642377,0.7167677657709778,3.0,0.25,33.54000000000008,35.020000000000095,1.4800000000000182,136.16,-1.6804367023188145,-175.50021362304688,101.93953704833984,27.317476272583008,11.617437362670898,-20.47165298461914,-13.463812828063965,-17.466829299926758,-7.407017707824707,-17.41908073425293,-1.4300041198730469,-16.504661560058594,-11.791993141174316,-6.195032119750977,88.7975082397461,26.38791847229004,30.209278106689453,19.13473129272461,20.820037841796875,13.778152465820312,14.073210716247559,10.81007194519043,8.899628639221191,9.034719467163086,7.466377258300781,7.765100479125977,7.1766133308410645,call_10aa0d1d33f0,human,val
0.23087414755114674,0.4872907625542472,11.0,18.0,3.385454545454543,1.901006258113953,4.366666666666671,3.6758853808753793,3.3375000000000026,3.4999999999999982,0.34240874696771706,2.8340000000000005,3.6480000000000077,1.0,3.5850000000000115,3.035000000000002,0.5500000000000096,0.0,0.0,-0.48343550170552657,-1.3741459923108108,0.431098653662449,0.10259438108318274,0.5615217194703749,0.0,0.0,45.45999999999995,45.79999999999997,0.3400000000000176,161.3,-0.17240634564319107,-72.69795989990234,79.19225311279297,2.1861329078674316,25.2944393157959,-34.59444808959961,-2.4072163105010986,-23.136863708496094,4.53049898147583,-10.440657615661621,0.6183559894561768,-6.797208786010742,-10.133010864257812,-14.702047348022461,92.30580139160156,24.762868881225586,30.57472801208496,20.954570770263672,17.257936477661133,13.571279525756836,14.149985313415527,16.39203453063965,12.377992630004883,11.047353744506836,10.592460632324219,9.850890159606934,9.60451602935791,call_10ceaf16fbbf,synthetic,train
0.202013640792465,0.5798960701526467,14.0,17.0,1.7771428571428562,1.1582957219949634,4.201176470588233,3.142082266405216,-0.06571428571428635,0.9400000000000013,2.4861608794217935,-2.592000000000004,1.448000000000002,0.0,1.1999999999999993,0.30999999999999517,0.8900000000000041,0.2857142857142857,0.2857142857142857,-1.8430574705799292,1.6933662428010487,-0.17031912447293987,37.8328823720048,0.6517741197268753,2.0,0.14285714285714285,26.860000000000042,28.680000000000078,1.8200000000000074,123.16,-0.17240634564319107,-147.50437927246094,66.2598648071289,-2.8700287342071533,24.166810989379883,-25.296127319335938,-21.77599334716797,-18.877887725830078,-19.629669189453125,-8.434325218200684,-13.014219284057617,-6.842753887176514,-7.869562149047852,-10.444124221801758,101.14342498779297,36.42622375488281,31.893962860107422,31.87929916381836,19.866031646728516,16.08974838256836,15.511372566223145,14.881397247314453,11.678016662597656,11.731847763061523,9.153645515441895,8.982483863830566,7.822849273681641,call_11d3230256a1,human,train
0.34626144455747687,0.47672939979654183,16.0,24.0,3.403749999999998,3.435929413928638,3.124166666666671,2.1975211729481834,0.840000000000001,1.3399999999999999,1.399636316398595,-1.2399999999999949,2.0600000000000023,0.36363636363636365,2.0500000000000043,-0.4900000000000091,2.5400000000000134,0.36363636363636365,0.2727272727272727,-0.5475413629811325,-1.3390166845672475,0.4218235328838512,1.666233708014714,1.0094541058888538,3.0,0.1875,27.839999999999947,31.75999999999995,3.9200000000000017,157.28,-0.17240634564319107,-80.37471771240234,74.93367767333984,4.09194278717041,28.471256256103516,-34.19928741455078,4.256052017211914,-27.203317642211914,1.5220515727996826,-13.702451705932617,-0.8964470624923706,-7.505989074707031,-7.359012603759766,-12.301529884338379,92.06270599365234,31.153696060180664,37.5421028137207,28.53287124633789,25.623483657836914,16.382118225097656,17.27997589111328,13.480560302734375,11.788251876831055,13.117165565490723,12.12057113647461,10.31589126586914,9.26678466796875,call_120d6007bcc1,synthetic,val
0.7179017993290624,0.5684659957304051,45.0,19.0,2.0924444444444408,2.7835558039278196,3.924210526315786,3.14643041822496,-2.915714285714283,-2.2899999999999974,3.881186700492729,-6.309999999999998,2.1700000000000035,0.14285714285714285,-1.1399999999999908,-5.295000000000002,4.155000000000011,0.8571428571428571,0.8571428571428571,-0.21840965956503705,0.29761635432286626,-0.8889593918384321,1.3311272363611582,1.330288988072314,12.0,0.26666666666666666,-37.55999999999975,12.540000000000092,50.09999999999984,131.16,-0.17240634564319107,-263.6820983886719,99.67023468017578,1.0903129577636719,-4.495780944824219,-5.171745777130127,-12.104028701782227,-9.62419605255127,-11.324380874633789,-18.34536361694336,-10.557909965515137,-16.313697814941406,-9.689099311828613,-11.723613739013672,83.34519958496094,35.152671813964844,37.119441986083984,24.13871955871582,25.2396297454834,16.621376037597656,17.40012550354004,14.403091430664062,10.04982852935791,10.093008041381836,8.349388122558594,9.135931968688965,7.8539204597473145,call_1612f093f8b5,human,train
0.2912034328067091,0.49444119368051465,17.0,14.0,1.7564705882352911,1.5254890871511655,3.6214285714285697,2.3338682088598204,-0.15599999999999875,0.2799999999999978,1.3055818626191174,-2.2620000000000062,0.9440000000000012,0.0,0.8100000000000058,-0.29499999999998927,1.104999999999995,0.5,0.4,-1.1887315360587554,0.0011804063684479615,-0.08589144656837647,8.369114450320598,0.8684968006297861,4.0,0.23529411764705882,21.98000000000009,25.18000000000005,3.19999999999996,102.54,-0.17240634564319107,-115.79550170898438,65.36277770996094,-30.29787254333496,-18.985437393188477,-18.15313720703125,-17.27487564086914,-16.70490837097168,-8.998050689697266,-15.920963287353516,2.0060973167419434,-16.26140594482422,-5.483297348022461,-11.50329303741455,105.72101593017578,30.788969039916992,43.46430969238281,28.14373779296875,23.706260681152344,15.522294044494629,16.490550994873047,12.683350563049316,12.54157543182373,9.298381805419922,8.975251197814941,9.614411354064941,8.706607818603516,call_16581bcbc272,human,train
0.40429425399536645,0.5209222886421863,43.0,17.0,1.5413953488372178,1.874322924443552,5.023529411764706,5.0073697935278405,-2.6292307692307704,-0.8799999999999955,4.03909064696968,-7.6840000000000055,1.1120000000000048,0.0,-0.08000000000000007,-3.9800000000000004,3.9000000000000004,0.7692307692307693,0.7692307692307693,-1.3462932074284073,1.028656343747893,-0.7998259822253826,1.5362252308553217,1.2159910334759305,10.0,0.23255813953488372,12.259999999999621,31.47999999999996,19.22000000000034,163.94,-0.17240634564319107,-246.49365234375,79.10840606689453,-3.2035200595855713,-33.28213119506836,-26.011621475219727,-16.76559066772461,-14.691094398498535,-4.895270824432373,-18.339427947998047,-3.4362387657165527,-10.749072074890137,-8.540140151977539,-10.456971168518066,87.52850341796875,38.475006103515625,42.10805892944336,23.63336753845215,23.238252639770508,16.784257888793945,15.478939056396484,12.330375671386719,10.596598625183105,9.725930213928223,9.498382568359375,8.509904861450195,8.316936492919922,call_1761edbd6952,human,train
0.2051678135093382,0.519309085802556,23.0,19.0,1.270434782608693,1.0433869525268247,3.892631578947369,3.9113180469332733,0.9633333333333378,2.6799999999999997,2.9457294889759003,-1.3199999999999954,3.202000000000012,0.5833333333333334,3.025000000000002,-0.3899999999999957,3.414999999999998,0.4166666666666667,0.4166666666666667,-1.4387686195514113,1.4030736709518674,-0.17861283133058886,3.0578506774235668,0.8212833637654859,5.0,0.21739130434782608,39.24000000000004,41.18000000000002,1.9399999999999835,142.42,-0.17240634564319107,-151.29872131347656,61.26105499267578,-12.638766288757324,1.0133602619171143,-58.90198516845703,-13.649166107177734,-33.57135009765625,-0.1907281130552292,-21.865198135375977,-3.602527141571045,-18.870546340942383,-14.595989227294922,-13.883976936340332,88.12618255615234,24.1910457611084,38.070838928222656,16.785573959350586,26.793500900268555,14.867138862609863,18.40182113647461,11.211695671081543,12.181148529052734,10.526777267456055,9.479874610900879,7.987679958343506,8.226946830749512,call_181a5049ecae,synthetic,val
0.2170118343195263,0.6044378698224849,16.0,22.0,1.833749999999997,1.6346057437498502,3.7145454545454526,2.641337001789963,0.041666666666669884,0.7800000000000047,1.2899214015676388,-1.5999999999999994,1.1700000000000068,0.0,0.960000000000008,-0.879999999999999,1.840000000000007,0.4166666666666667,0.4166666666666667,-0.6653799849871755,-0.9816656268040087,-0.06999008404876698,30.958112894626233,0.891400541436102,5.0,0.3125,24.14000000000007,28.42000000000006,4.279999999999987,135.2,-0.17240634564319107,-136.32298278808594,66.65604400634766,-31.26230239868164,-0.8128683567047119,-29.382062911987305,-11.491087913513184,-21.423473358154297,-7.627643585205078,-15.266518592834473,-2.126647710800171,-10.29894733428955,-8.173991203308105,-9.053340911865234,102.77388763427734,27.147214889526367,43.70853805541992,18.959272384643555,22.815153121948242,11.81430721282959,13.919764518737793,9.507766723632812,9.287635803222656,8.374968528747559,7.90258264541626,6.631077289581299,6.519572734832764,call_185e958a253b,human,val
0.16737758061764177,0.5940965705511,15.0,24.0,1.3079999999999978,1.3114023028803945,2.901666666666664,2.1046766708663074,0.012727272727275524,-0.8599999999999994,1.9045643305638698,-2.2999999999999936,2.0600000000000023,0.18181818181818182,1.9100000000000028,-1.1299999999999955,3.0399999999999983,0.5454545454545454,0.5454545454545454,-0.17370395524425264,-1.4242765939599058,-0.25289728928985006,149.64432850078822,1.0026011482246142,6.0,0.4,27.960000000000093,31.380000000000067,3.4199999999999733,117.22,-0.17240634564319107,-102.23652648925781,91.56767272949219,1.7551754713058472,27.212081909179688,-26.99321746826172,-3.78582501411438,-25.90043067932129,0.38999930024147034,-19.01898956298828,3.0888640880584717,-6.785731315612793,-2.796128034591675,-7.191843509674072,68.39404296875,25.798627853393555,29.08946418762207,23.38066291809082,22.16464614868164,15.419304847717285,15.742484092712402,14.93133544921875,10.334383010864258,11.541747093200684,11.546537399291992,9.821296691894531,9.815784454345703,call_186e9d6ee732,synthetic,train
0.5539215686274536,0.4294321895424843,66.0,18.0,1.6436363636363713,2.569982688518299,4.672222222222229,3.6603711948312876,-3.3364705882353,-2.0,3.7632978984747396,-9.419999999999998,0.6999999999999976,0.0,-0.23999999999999488,-6.11999999999999,5.8799999999999955,0.8823529411764706,0.8235294117647058,-0.4788659948849547,-1.0309365868431057,-0.963673617891112,1.1279277901074698,1.5635956613109292,14.0,0.21212121212121213,3.259999999999394,33.33999999999986,30.080000000000467,195.84,-0.17240634564319107,-144.09909057617188,78.6324234008789,-29.64901351928711,1.0113897323608398,-48.666744232177734,-10.436633110046387,-26.70925521850586,1.339734435081482,-19.012182235717773,-2.9861652851104736,-14.378662109375,-8.429535865783691,-13.714851379394531,64.57954406738281,19.39957046508789,27.03398895263672,15.439306259155273,17.5666446685791,12.80945873260498,14.780637741088867,11.301422119140625,10.68831729888916,8.167926788330078,9.202217102050781,8.383368492126465,7.22578239440918,call_189410107163,synthetic,train
0.2529795686719635,0.5337684449489213,14.0,16.0,2.5471428571428554,1.8209511979474158,4.702499999999997,3.7855704655969658,1.3520000000000003,2.20000000000001,2.096515203856147,-1.3359999999999927,3.076000000000003,0.6,2.699999999999992,-0.3799999999999957,3.0799999999999876,0.3,0.3,-0.7802555653479675,-0.833653475283624,-0.2070588413890978,1.5506769247821521,0.714899516580349,3.0,0.21428571428571427,30.060000000000088,32.320000000000036,2.2599999999999483,140.96,-2.729418803901351,-77.0389633178711,78.54644775390625,-18.27861785888672,15.068259239196777,-47.61445236206055,-3.6947989463806152,-33.09606170654297,-1.0764418840408325,-15.140463829040527,-3.6130011081695557,-8.187437057495117,-8.431041717529297,-10.452301025390625,81.61801147460938,25.89813995361328,30.84562873840332,30.026351928710938,23.792240142822266,14.177395820617676,14.6904296875,14.061248779296875,10.560144424438477,11.028901100158691,8.563380241394043,7.956529140472412,7.517343997955322,call_18bd3c505fd5,synthetic,train
0.23793859649122784,0.5709586466165408,13.0,21.0,2.3369230769230747,1.716379842375692,3.4714285714285684,2.5060579663312352,-0.25799999999999534,0.8600000000000065,1.7825251751377873,-3.237999999999995,1.4440000000000042,0.0,0.9450000000000074,-1.2649999999999992,2.2100000000000066,0.4,0.4,-0.7515760322232865,-1.0106610870953925,-0.6551611697359567,6.909012279956617,0.7344614200571434,4.0,0.3076923076923077,24.400000000000105,26.220000000000113,1.8200000000000074,127.68,-0.17240634564319107,-107.36506652832031,92.2322998046875,-30.397178649902344,-19.589506149291992,-25.462722778320312,-20.085899353027344,-26.980995178222656,-20.49769401550293,-11.023345947265625,-1.2779687643051147,-0.649502158164978,-3.245312452316284,-5.847662925720215,81.30390167236328,35.0181999206543,29.963533401489258,29.515596389770508,18.389503479003906,17.433115005493164,12.384710311889648,11.157219886779785,10.575738906860352,9.53738784790039,8.690422058105469,7.1820807456970215,7.320572853088379,call_198ef413fe4a,human,val
0.23972015990862341,0.5111364934323245,11.0,13.0,3.05272727272727,2.131960646528706,5.507692307692309,4.051761542543332,2.627500000000003,2.4600000000000044,0.4536449602938382,2.290000000000009,3.0399999999999965,1.0,2.710000000000001,2.3649999999999984,0.3450000000000024,0.0,0.0,1.6749651377867916,1.651770695062269,0.13084294326245613,0.17265269652566506,0.6983790084613942,0.0,0.0,34.90000000000002,34.900000000000034,0.0,140.08,-0.17240634564319107,-260.5054016113281,105.4466781616211,5.236393928527832,0.5092586874961853,-32.47402572631836,-8.612885475158691,-20.732177734375,-5.603851318359375,-24.568613052368164,-4.476800441741943,-18.515289306640625,-5.1218976974487305,-12.725378036499023,70.72559356689453,28.077014923095703,32.488643646240234,20.49724578857422,20.77188491821289,15.837565422058105,14.665431022644043,10.579313278198242,10.447311401367188,10.234187126159668,9.35927963256836,8.93082332611084,7.29768180847168,call_1a2f3635b411,synthetic,train
0.40435808154554725,0.4059305851960024,16.0,21.0,4.500000000000009,4.230850978231206,3.441904761904771,2.579530446469481,1.2099999999999942,1.9500000000000046,1.3856478629146847,-1.2080000000000184,2.2580000000000084,0.5,2.205000000000002,0.41999999999997684,1.785000000000025,0.3,0.3,-0.9605830750574498,-0.8271655991078424,0.4286888991190768,1.1451635221235765,0.9401891060646684,3.0,0.1875,33.77999999999969,36.79999999999981,3.020000000000124,178.06,-0.17240634564319107,-62.026554107666016,51.48643112182617,-45.00265884399414,-22.101430892944336,-58.48801040649414,1.54822838306427,-29.80257797241211,7.054680824279785,-24.28858757019043,-1.896613597869873,-19.28468132019043,-6.813045978546143,-12.498995780944824,100.08210754394531,28.80105209350586,41.557125091552734,17.7841854095459,26.76095199584961,16.413156509399414,17.367511749267578,12.601391792297363,13.276453971862793,10.288293838500977,10.094919204711914,9.045853614807129,9.549601554870605,call_1ad99899456c,synthetic,train
0.32881773399014796,0.45344827586206937,14.0,19.0,3.8142857142857163,4.136668283751538,3.8757894736842142,2.4314827960028103,2.167500000000001,2.4899999999999984,1.223680411708871,1.0880000000000032,3.101999999999998,0.75,2.880000000000006,2.165000000000002,0.7150000000000043,0.125,0.125,-1.8216556133660389,2.04677656610314,-0.04876295067449483,0.5645584365141002,1.0845197744819892,1.0,0.07142857142857142,35.3599999999999,35.65999999999988,0.29999999999998295,162.4,-0.17240634564319107,-254.27291870117188,110.2948989868164,7.249875068664551,3.8042080402374268,-31.016019821166992,-10.674717903137207,-21.81675148010254,-4.571890830993652,-23.828134536743164,-2.882605791091919,-17.002004623413086,-3.719322681427002,-11.076703071594238,74.6131591796875,26.426725387573242,31.76479148864746,19.322338104248047,17.624223709106445,15.658347129821777,14.62723445892334,12.22074031829834,9.896843910217285,10.23074722290039,8.337846755981445,9.823141098022461,7.025839805603027,call_1ba56b3cce45,synthetic,train
0.24618204031765417,0.544654856444717,13.0,21.0,3.0999999999999988,1.634719453700752,4.2457142857142935,2.4340923240865084,1.3288888888888861,1.3599999999999994,0.277946615355646,0.9439999999999941,1.5959999999999988,0.0,1.5200000000000102,1.2000000000000028,0.3200000000000074,0.0,0.0,-0.5250074074334194,-0.6470551037755712,0.7164722432646589,0.20915715186608735,0.5273288558623948,0.0,0.0,34.23999999999984,34.23999999999984,0.0,163.7,-0.453790909505865,-146.5208282470703,81.34361267089844,21.966941833496094,4.358257293701172,-6.861802577972412,-18.08490753173828,-31.12485122680664,-7.310854434967041,-17.769973754882812,2.2841956615448,-2.087419033050537,-1.4956125020980835,-5.914879322052002,80.80204010009766,35.39475631713867,31.543102264404297,30.25637435913086,21.43755340576172,16.301305770874023,13.828032493591309,13.34029483795166,11.830913543701172,10.48366641998291,8.564244270324707,8.158705711364746,7.842653274536133,call_1bf0aa4d4324,human,train
0.20154717502417516,0.6025694156651473,19.0,29.0,1.5357894736842148,1.2996611533678308,3.0082758620689667,1.8659601743274092,-0.06000000000000347,0.6299999999999812,1.5891507165778869,-2.3100000000000174,1.2900000000000014,0.0625,1.0850000000000044,-1.0399999999999885,2.124999999999993,0.4375,0.4375,-0.6579539717358643,-0.55237404271013,-0.19731526539509867,26.485844834865837,0.8462495509907462,7.0,0.3684210526315789,28.359999999999886,31.979999999999947,3.6200000000000614,144.78,-4.820299282583858,-146.1697540283203,67.80769348144531,14.584029197692871,22.787405014038086,-34.35640335083008,-12.905132293701172,-17.74300193786621,-14.942442893981934,-11.258443832397461,-5.013340473175049,-6.661905765533447,-3.018726110458374,-13.449007034301758,107.05377197265625,43.473575592041016,30.99970054626465,30.29940414428711,22.144798278808594,20.209562301635742,15.872888565063477,15.650588035583496,11.238519668579102,10.119214057922363,9.3842191696167,9.279548645019531,9.012826919555664,call_1c1c0cce9fb5,human,val
0.5106419206538387,0.160224757364209,46.0,8.0,1.3039130434782584,1.5367816147940472,2.3524999999999983,1.8302988144016261,-1.7233333333333303,-1.33,2.1610928305425023,-4.499999999999991,0.6599999999999999,0.0,0.025000000000000022,-3.554999999999998,3.579999999999998,0.6666666666666666,0.6666666666666666,-0.2576464983028117,-1.4419710735358675,-0.9653077386103366,1.2540190498772652,1.1785921011388973,4.0,0.08695652173913043,38.660000000000124,46.860000000000085,8.19999999999996,117.46,-0.17240634564319107,-113.96158599853516,78.88534545898438,-32.36299133300781,14.696707725524902,-44.53438186645508,-9.68880558013916,-28.74109649658203,5.128664016723633,-15.766190528869629,-0.9956560134887695,-10.035815238952637,-6.6975226402282715,-12.134830474853516,70.29029083251953,18.31791877746582,26.859521865844727,18.48200798034668,16.175817489624023,12.928980827331543,12.91614055633545,12.165714263916016,9.588587760925293,9.1796236038208,9.287213325500488,8.596741676330566,8.232280731201172,call_1cc930924760,synthetic,train
0.29276129276129254,0.503118503118503,11.0,13.0,2.816363636363634,2.1743599799283575,4.0953846153846145,3.624261442820751,1.1222222222222231,1.5400000000000027,1.2537390990134503,-1.131999999999995,2.0560000000000005,0.1111111111111111,1.8799999999999955,1.519999999999996,0.35999999999999943,0.2222222222222222,0.2222222222222222,-1.2075320568503274,-0.3233318568138066,-0.44608132745266216,1.117193255551119,0.7720451830445272,2.0,0.18181818181818182,21.600000000000023,24.76000000000002,3.1599999999999966,105.82,-0.453790909505865,-219.58773803710938,90.07001495361328,6.509531021118164,-4.945962429046631,-41.592830657958984,-9.871387481689453,-21.638303756713867,-1.0814762115478516,-19.421184539794922,-2.7225496768951416,-15.19430160522461,-4.884357929229736,-12.140512466430664,79.30158996582031,28.24716567993164,43.47416305541992,23.03958511352539,27.54831886291504,15.055577278137207,19.665002822875977,12.26072883605957,11.873242378234863,11.181045532226562,11.920411109924316,10.746562957763672,9.705975532531738,call_1ee2936b46a7,synthetic,train
0.3068960693803326,0.5010490977759129,27.0,19.0,1.6251851851851835,1.0723265477296102,3.7705263157894744,3.2226133129956804,-0.2499999999999998,0.40999999999998593,1.3484541413887863,-2.2420000000000115,1.1020000000000008,0.0,1.0000000000000036,-1.4249999999999936,2.424999999999997,0.42857142857142855,0.42857142857142855,-0.4064527791368709,-1.4875779389893962,-0.503539218164517,5.3938165439798835,0.6598180667931727,6.0,0.2222222222222222,27.460000000000022,31.899999999999977,4.439999999999969,142.98,-9.180049504703101,-107.5477294921875,69.92105865478516,-11.508200645446777,0.8826490044593811,-41.100738525390625,-9.379672050476074,-40.59266662597656,-8.509007453918457,-25.041372299194336,-7.090053081512451,-7.760232448577881,-7.7575273513793945,-5.64276123046875,83.1197738647461,30.43077850341797,33.30933380126953,23.64678382873535,21.683204650878906,16.523590087890625,13.653589248657227,12.608307838439941,9.42081069946289,10.495803833007812,8.667166709899902,7.524771690368652,7.604024887084961,call_224586045e67,human,train
0.15450560155869492,0.5241110569897721,16.0,29.0,1.9825000000000041,1.2900557158510648,3.7103448275862148,3.09895920543592,2.309090909090905,1.8999999999999773,3.453392151982147,1.1600000000000037,6.09999999999998,0.45454545454545453,4.379999999999992,1.4100000000000001,2.9699999999999918,0.09090909090909091,0.09090909090909091,-1.5454575555343526,2.26298747838198,-0.5474987247718027,1.4955635297382868,0.650721672232202,1.0,0.0625,65.97999999999973,66.1999999999997,0.21999999999997044,205.3,-3.922712603739859,-152.2109375,62.73066711425781,15.714571952819824,-5.345025062561035,-25.79118537902832,-17.94230842590332,-16.78693199157715,-12.722006797790527,-8.593141555786133,-2.112151861190796,-3.9921762943267822,-2.1029834747314453,-12.646815299987793,94.2317123413086,47.04600524902344,36.769775390625,28.213577270507812,18.29282569885254,19.261411666870117,13.755038261413574,12.634055137634277,12.017143249511719,10.915959358215332,10.959649085998535,9.296307563781738,8.292864799499512,call_22d0f235a47e,human,train
0.2212223472065992,0.5581802274715666,19.0,17.0,1.8631578947368423,1.6953591534774488,5.254117647058829,3.876066925336636,-0.4014285714285762,1.1299999999999955,4.1865052884968685,-3.258,1.7980000000000034,0.07142857142857142,1.615000000000002,0.43999999999996575,1.1750000000000362,0.2857142857142857,0.21428571428571427,-2.557183491369287,5.646368560919139,-0.773247168954269,10.429016706930467,0.9099385282142003,3.0,0.15789473684210525,35.29999999999991,38.59999999999988,3.299999999999983,160.02,-4.820299282583858,-175.98976135253906,62.56071090698242,-16.443029403686523,-9.627772331237793,-35.88288497924805,-14.04629898071289,-21.227439880371094,-7.144265651702881,-15.617975234985352,-3.7699739933013916,-9.410143852233887,-6.581356525421143,-13.579193115234375,103.946533203125,33.74989700317383,43.76742935180664,21.339923858642578,26.902963638305664,13.866031646728516,14.93320369720459,10.563675880432129,9.902463912963867,9.127957344055176,8.71738338470459,7.825603008270264,7.636819362640381,call_22eacbc23d18,human,train
0.25799721835883244,0.594476455394398,15.0,22.0,3.4626666666666766,2.8567474901051724,5.440000000000009,3.4704623742246663,0.7138461538461397,0.8400000000000034,1.24325588963038,-1.088000000000045,1.624000000000001,0.07692307692307693,1.1800000000000033,0.5799999999999557,0.6000000000000476,0.23076923076923078,0.23076923076923078,0.2643161509271854,0.5923774465666614,-0.47186041998296674,1.7416300153614301,0.8250137146554151,3.0,0.2,29.699999999999648,32.89999999999972,3.200000000000074,201.32,-1.0454779796103157,-158.60279846191406,43.41771697998047,-21.85832977294922,7.961745262145996,-29.368194580078125,-22.007070541381836,-11.973200798034668,-24.335432052612305,-10.955207824707031,-8.190388679504395,-6.110727310180664,-6.264614582061768,-8.422451972961426,76.22783660888672,32.31166458129883,39.59013366699219,25.750057220458984,26.37613868713379,16.843795776367188,13.234491348266602,13.611298561096191,10.874868392944336,8.993595123291016,8.256171226501465,8.464094161987305,7.466923236846924,call_23991b635849,human,train
0.4768815823272549,0.48407397893655296,65.0,20.0,1.1424615384615404,1.0978889263830627,3.769000000000001,2.8045140399006763,-2.6055555555555556,-2.220000000000013,2.9603588788114936,-4.904000000000005,0.2119999999999983,0.0,-0.9600000000000009,-3.139999999999999,2.179999999999998,0.9444444444444444,0.8333333333333334,-1.7584142275727095,2.681676789061809,-0.9606755143629528,1.1361718507069465,0.9609854585568932,15.0,0.23076923076923078,6.079999999999842,33.999999999999986,27.920000000000144,155.72,-0.17240634564319107,-155.60816955566406,83.78302764892578,-32.077735900878906,16.751802444458008,-40.405967712402344,-11.183496475219727,-26.863481521606445,3.9406232833862305,-15.755329132080078,-1.925897479057312,-11.372565269470215,-6.4364118576049805,-13.308873176574707,66.67082214355469,17.84371566772461,25.37042808532715,17.174074172973633,15.194944381713867,11.503443717956543,12.072760581970215,12.693475723266602,9.880810737609863,8.26467514038086,9.253788948059082,8.461986541748047,8.577454566955566,call_24e1989c4d6d,synthetic,train
0.17064698219713378,0.5421913446229557,11.0,23.0,2.143636363636359,1.8039717430122844,3.2573913043478266,2.845880649810859,2.3400000000000043,2.740000000000009,2.095646280585855,-1.1799999999999984,4.3080000000000025,0.7777777777777778,3.66,2.4200000000000017,1.2399999999999984,0.2222222222222222,0.2222222222222222,-0.7062671960967903,-0.5880906891454298,0.44010392998862796,0.8955753332009725,0.841547462420617,2.0,0.18181818181818182,39.680000000000035,42.46000000000001,2.7799999999999727,138.18,-0.17240634564319107,-115.55542755126953,105.74781799316406,27.256494522094727,27.157211303710938,-13.271265029907227,-5.187270164489746,-25.23644256591797,-11.975072860717773,-11.22060775756836,-2.7375144958496094,-5.963686466217041,-2.6386938095092773,-13.921195030212402,110.19168853759766,29.337270736694336,28.74830436706543,24.186185836791992,19.494211196899414,15.760396003723145,14.657692909240723,15.002365112304688,12.822550773620605,10.243449211120605,11.814007759094238,8.914994239807129,8.540504455566406,call_253156878935,synthetic,train
0.22744575561476973,0.5196041111534092,13.0,31.0,3.676923076923077,2.3927048891141034,3.5225806451613058,2.100075217918566,3.3999999999999986,3.3000000000000043,0.6990278964390422,2.702000000000008,4.2980000000000045,1.0,3.7350000000000056,2.92499999999999,0.8100000000000156,0.0,0.0,0.5551773846912991,-0.46872358451611396,-0.23509654460255083,0.2055964400686606,0.6507356391218364,0.0,0.0,53.15999999999951,54.63999999999959,1.480000000000075,210.16,-0.17240634564319107,-46.4924430847168,30.295507431030273,-27.51473617553711,-1.5434304475784302,-54.19739532470703,-7.789577484130859,-37.988807678222656,5.148167133331299,-33.848628997802734,3.1759636402130127,-18.780580520629883,-4.595141887664795,-12.315629959106445,85.17494201660156,29.994861602783203,36.55491256713867,19.072816848754883,24.75252914428711,15.67483139038086,18.559776306152344,12.105287551879883,13.18642807006836,10.287240982055664,9.531330108642578,9.816129684448242,10.646879196166992,call_26be2ced1f65,synthetic,train
0.3345919865743662,0.3740297881267053,21.0,20.0,3.0380952380952446,1.6047299700086575,3.5660000000000083,2.9078865177307045,4.20888888888888,5.040000000000001,2.305801593297732,1.795999999999998,6.0240000000000045,0.8888888888888888,5.239999999999995,3.8200000000000003,1.4199999999999946,0.1111111111111111,0.1111111111111111,-1.0714018241439884,0.8666753714322346,0.5312602593366511,0.5478409275276944,0.5282026545311831,1.0,0.047619047619047616,55.55999999999972,57.11999999999972,1.5600000000000023,190.68,-5.821445638980221,-126.57601165771484,67.75662994384766,-21.728744506835938,19.438491821289062,-43.38027572631836,-11.123459815979004,-37.11649703979492,-8.815068244934082,-24.354537963867188,-9.48193073272705,-11.324512481689453,-9.598669052124023,-10.731548309326172,85.52044677734375,26.204219818115234,34.03824996948242,21.840452194213867,23.273296356201172,12.229240417480469,14.50560188293457,13.40902328491211,10.28408145904541,8.945455551147461,8.548652648925781,8.642180442810059,7.190358638763428,call_2741c273bfcc,synthetic,train
0.1589621234715178,0.5512973456606023,11.0,17.0,1.9381818181818153,0.9524878255658914,4.349411764705882,3.06340155150185,2.302500000000001,2.1999999999999957,0.2793631149597255,2.0520000000000014,2.6060000000000034,0.875,2.45000000000001,2.1449999999999974,0.3050000000000126,0.0,0.0,0.9146480906547872,0.04951643182116294,-0.07494166628440731,0.12133034303513356,0.4914336808545521,0.0,0.0,38.860000000000056,39.340000000000046,0.47999999999998977,134.12,-0.17240634564319107,-114.03717041015625,109.25250244140625,22.535886764526367,29.96969985961914,-14.588171005249023,-7.865171432495117,-21.94048309326172,-7.472020149230957,-12.332152366638184,-4.665764331817627,-0.930730938911438,-2.730973958969116,-12.629385948181152,103.65602111816406,28.439592361450195,28.15528106689453,22.96483612060547,18.296659469604492,16.021684646606445,13.758397102355957,18.308605194091797,11.798559188842773,9.620165824890137,9.666098594665527,7.6310882568359375,8.086265563964844,call_290aacdf95ca,synthetic,train
0.2588090853284225,0.5324739103744631,11.0,18.0,3.832727272727275,2.272943989667429,4.818888888888892,4.212328320126915,1.845999999999999,1.8300000000000036,0.19037857022259294,1.6200000000000045,2.1220000000000043,0.2,1.9799999999999933,1.6650000000000063,0.31499999999998707,0.0,0.0,0.24176412195491145,-1.4069598614137881,0.25412784403656147,0.10313031967468186,0.5930356707736791,0.0,0.0,33.999999999999915,34.39999999999992,0.4000000000000057,162.9,-0.17240634564319107,-113.2807846069336,68.14982604980469,-22.7729434967041,9.355426788330078,-28.10533905029297,4.166367530822754,-22.915813446044922,9.86046314239502,-19.84053611755371,3.894115686416626,-14.705096244812012,-2.523371458053589,-10.784913063049316,80.08699035644531,31.327356338500977,38.0195198059082,16.063335418701172,25.525602340698242,15.977492332458496,16.190250396728516,11.003846168518066,12.001893997192383,9.302014350891113,9.574492454528809,8.980645179748535,9.742592811584473,call_29a23dea3118,synthetic,train
0.20255045190045837,0.6388510585613478,25.0,20.0,1.3088000000000017,1.2617965604644794,5.1600000000000055,3.732854135912629,-1.4987500000000047,-1.5200000000000244,2.103074757943712,-3.8900000000000063,1.1100000000000048,0.0,0.8599999999999888,-3.2850000000000126,4.145000000000001,0.6875,0.6875,-0.08328813515591099,-1.3542043541194642,-0.49806636649882846,1.403219187016171,0.964086613310201,11.0,0.44,25.619999999999834,30.55999999999986,4.940000000000026,161.54,-0.17240634564319107,-153.55242919921875,39.37001037597656,-23.639991760253906,3.8024723529815674,-39.97978210449219,-7.88948392868042,-25.206785202026367,-4.539157867431641,-11.252815246582031,-3.8196189403533936,-7.8033223152160645,-12.281745910644531,-2.8812971115112305,120.93557739257812,40.283302307128906,43.11760330200195,28.047836303710938,31.516048431396484,18.785276412963867,16.129106521606445,14.266733169555664,10.135682106018066,9.730799674987793,8.712620735168457,8.03329849243164,7.15000057220459,call_29e423c5b8aa,human,train
0.3464173565515276,0.45089922923208664,14.0,12.0,3.4671428571428606,2.15402091968694,5.264999999999998,3.6531732781241053,1.6999999999999988,2.5799999999999983,2.432188902438058,-0.3079999999999905,2.9840000000000018,0.8571428571428571,2.8599999999999888,2.340000000000005,0.5199999999999836,0.14285714285714285,0.14285714285714285,-1.9873322145405197,2.050389397586402,-0.18171436115200917,1.4306993535337413,0.6212668493390893,1.0,0.07142857142857142,28.399999999999977,29.399999999999963,0.9999999999999858,140.12,-2.016215753498857,-73.29878997802734,78.74822998046875,-20.388851165771484,16.086503982543945,-50.20576858520508,-5.742377281188965,-33.75990295410156,-0.1108328104019165,-15.035041809082031,-4.095935821533203,-8.12019157409668,-9.909366607666016,-10.018308639526367,69.58934020996094,22.8948974609375,31.309185028076172,27.45489501953125,19.22239112854004,13.787386894226074,13.44397258758545,13.751132011413574,10.385701179504395,9.736456871032715,8.425601959228516,8.196758270263672,6.904291152954102,call_29f2b21b3d8a,synthetic,train
0.2477602389078505,0.5394624573378847,21.0,29.0,2.2123809523809586,1.9209072875222841,3.4882758620689702,2.6274073610960165,0.3907692307692257,1.1799999999999997,1.3996178683893679,-1.9240000000000008,1.576000000000004,0.0,1.4200000000000017,-0.5799999999999983,2.0,0.38461538461538464,0.3076923076923077,-0.9772886818685047,-0.5558470522726173,-0.19089573277867977,3.581699260334631,0.868253401199624,4.0,0.19047619047619047,39.89999999999975,42.89999999999978,3.0000000000000284,187.52,-0.17240634564319107,-151.97634887695312,88.20785522460938,5.898019790649414,-16.896413803100586,-43.5809326171875,-21.486644744873047,-29.495418548583984,-5.516409397125244,-11.596430778503418,-0.7148212790489197,-9.164007186889648,-9.443435668945312,-10.509121894836426,84.14997863769531,24.36856460571289,39.08631896972656,19.43655014038086,22.640525817871094,12.306355476379395,13.167603492736816,10.590861320495605,9.756168365478516,7.394121170043945,7.791805744171143,6.399242401123047,5.783522605895996,call_29fddbedd6a4,human,train
0.186801032321494,0.5422145753963382,16.0,22.0,1.899999999999996,1.350851583261463,4.010909090909094,2.451750597376404,2.268888888888893,1.7199999999999989,1.24536870439101,1.2720000000000056,3.5520000000000027,0.4444444444444444,3.0400000000000063,1.6600000000000037,1.3800000000000026,0.0,0.0,0.7334219699712753,0.11927293449893694,-0.2744876995561409,0.5488892426336467,0.7109745171318375,0.0,0.0,44.099999999999994,44.66,0.5600000000000023,162.74,-4.820299282583858,-147.46803283691406,67.1244125366211,10.996641159057617,-3.3440680503845215,-46.71489334106445,-11.644804000854492,-17.523136138916016,-11.842164039611816,2.772170305252075,-2.945172071456909,-0.44463351368904114,-8.446850776672363,-14.693083763122559,103.5666275024414,40.338069915771484,32.050750732421875,27.170345306396484,17.007272720336914,16.572959899902344,10.985617637634277,11.605571746826172,10.851357460021973,8.735063552856445,9.136438369750977,8.257270812988281,9.345128059387207,call_2a34be1bd407,human,train
0.16340097970608805,0.5783764870538837,6.0,18.0,3.113333333333331,4.553294289730117,3.673333333333332,2.9808872653773557,0.5600000000000032,1.490000000000009,1.6060303027444214,-1.669999999999999,1.8599999999999994,0.0,1.7000000000000028,-0.6099999999999977,2.3100000000000005,0.3333333333333333,0.3333333333333333,-0.7301236284299909,-1.3118188681383005,-0.05173151770271332,2.8679112497794663,1.462514225353621,2.0,0.3333333333333333,29.52000000000004,30.700000000000017,1.1799999999999784,114.32,-0.17240634564319107,-77.89069366455078,77.77606964111328,5.099005699157715,33.136619567871094,-32.0396842956543,-5.031566619873047,-21.581600189208984,3.7178454399108887,-12.19322681427002,2.2725002765655518,-4.190013885498047,-8.846321105957031,-13.354555130004883,97.97370147705078,23.151185989379883,29.737796783447266,22.089426040649414,16.830228805541992,14.558574676513672,13.40271282196045,12.432055473327637,12.840490341186523,10.013650894165039,11.999831199645996,10.44070816040039,10.490657806396484,call_2cd6a0b37e59,synthetic,train
0.25683646112600533,0.5777479892761392,13.0,20.0,2.947692307692307,1.750279774761974,4.309999999999999,3.6778172874682102,0.44750000000000245,1.139999999999997,1.4417328982859505,-1.6959999999999993,1.428000000000007,0.0,1.2750000000000057,0.3950000000000067,0.879999999999999,0.25,0.25,-1.2647753876720587,-0.05691034594945599,0.11605868527659703,3.2217494861769675,0.593779672864993,2.0,0.15384615384615385,24.68000000000002,26.440000000000012,1.7600000000000051,149.2,-2.016215753498857,-151.16952514648438,76.76411437988281,16.390758514404297,13.32935905456543,-16.110897064208984,-23.132301330566406,-29.936296463012695,-7.988142013549805,-22.004968643188477,-2.58415150642395,-3.2906157970428467,-5.1708455085754395,-8.262883186340332,96.19091033935547,37.705711364746094,35.583030700683594,31.487449645996094,23.662429809570312,17.281639099121094,14.16092300415039,13.260132789611816,12.61368465423584,9.349808692932129,8.661538124084473,7.52470064163208,8.592058181762695,call_2d2c74bdeb7b,human,train
0.6298060169589982,0.3661284702055989,56.0,14.0,1.936428571428577,1.962782671700189,4.5028571428571444,5.6564444013272315,-3.8720000000000026,-1.3700000000000117,6.623329676227818,-7.343999999999999,0.8140000000000048,0.0,-0.24999999999999956,-4.949999999999995,4.699999999999996,0.8,0.8,-2.1028261672085673,3.3403364482620903,-0.9836602691573864,1.7105706804021805,1.0136096418152722,8.0,0.14285714285714285,0.699999999999676,33.69999999999999,33.00000000000031,172.18,-0.17240634564319107,-149.4940948486328,78.09344482421875,-31.071664810180664,11.649229049682617,-45.78738784790039,-14.554588317871094,-25.624774932861328,4.792836666107178,-15.962855339050293,-3.3906757831573486,-13.419211387634277,-9.749860763549805,-13.320249557495117,57.93561553955078,16.928558349609375,23.24032211303711,13.480840682983398,16.184162139892578,11.572845458984375,13.5128173828125,10.838994026184082,10.395236015319824,8.285735130310059,9.14523696899414,8.592855453491211,7.524816989898682,call_2d4374d86df7,synthetic,val
0.2985471020153099,0.47945633494766404,10.0,18.0,3.821999999999997,3.183312111622108,3.4099999999999975,2.656758676783923,0.09777777777777984,1.7000000000000028,3.8536152658619085,-3.0239999999999965,1.9079999999999984,0.1111111111111111,1.8000000000000114,1.5600000000000058,0.24000000000000554,0.2222222222222222,0.2222222222222222,-2.234383807083553,3.3391872709344206,-0.7355833036879504,39.4119739068735,0.8328917087360593,2.0,0.2,28.420000000000087,30.50000000000007,2.07999999999997,128.02,-0.17240634564319107,-62.346832275390625,76.98667907714844,-24.034027099609375,18.110918045043945,-45.34253692626953,-4.577190399169922,-33.92036056518555,-1.7066638469696045,-14.20867919921875,-0.5534279346466064,-6.493505477905273,-8.924503326416016,-10.150555610656738,76.60408782958984,23.648191452026367,32.53802490234375,25.57725715637207,22.631784439086914,15.212504386901855,15.500188827514648,14.803215980529785,11.174476623535156,11.53221321105957,9.55289077758789,8.660848617553711,8.908234596252441,call_30c4f6565eec,synthetic,train
0.20609075832956422,0.525403286597316,15.0,19.0,1.822666666666666,0.707252587285634,3.668421052631576,3.814014687077254,2.482222222222224,2.240000000000002,1.4417102326964764,1.6560000000000004,3.3200000000000025,0.6666666666666666,2.42,1.980000000000004,0.43999999999999595,0.0,0.0,1.578020341680548,2.3645625665928725,0.11777023299719515,0.5808143280680819,0.38803177774191794,0.0,0.0,35.62000000000006,37.22000000000004,1.59999999999998,132.66,-0.17240634564319107,-170.2391357421875,102.5198974609375,31.65337562561035,37.51938247680664,-21.296533584594727,-6.564977169036865,-25.16404151916504,-8.652182579040527,-6.3984375,-3.7557623386383057,-1.5059126615524292,-3.610441207885742,-9.980876922607422,98.39383697509766,26.661258697509766,24.337360382080078,21.201187133789062,18.75678062438965,14.913555145263672,12.211264610290527,14.662910461425781,12.786100387573242,9.191286087036133,9.608575820922852,8.016472816467285,8.429319381713867,call_312805f2b67f,synthetic,train
0.292154065620542,0.5463623395149785,29.0,21.0,1.4124137931034477,1.4705139968671375,3.6476190476190467,1.9347102767275743,-1.3816666666666677,-0.9000000000000217,2.002672519964813,-3.9699999999999966,0.828000000000003,0.0,0.3000000000000025,-3.3849999999999927,3.684999999999995,0.75,0.5833333333333334,-0.23263755747388146,-1.5062877504639391,-0.5156197748051212,1.4494614126769723,1.0411353974354023,7.0,0.2413793103448276,22.640000000000015,31.760000000000005,9.11999999999999,140.2,-5.821445638980221,-186.54879760742188,68.63613891601562,-5.961853504180908,-2.943721055984497,-34.014617919921875,-15.105484008789062,-19.689178466796875,-9.653470039367676,-13.885740280151367,-10.209074020385742,-12.558647155761719,-2.2929131984710693,-6.101950168609619,126.42462158203125,36.32216262817383,44.73278045654297,24.67593765258789,23.11151885986328,15.572883605957031,15.454540252685547,12.362479209899902,9.499099731445312,8.940641403198242,10.061030387878418,8.944120407104492,8.713353157043457,call_3332ecee2806,human,train
0.19619047619047603,0.5926530612244901,19.0,17.0,1.5178947368421039,1.758933824635247,5.124705882352944,3.4951699742342908,0.362000000000001,0.960000000000008,1.5724744830998116,-1.5699999999999996,1.4940000000000042,0.1,1.0750000000000117,-1.0600000000000307,2.1350000000000424,0.4,0.4,0.3837441216362431,-0.5554062146691661,0.34119335124744155,4.3438521512595445,1.1587982886980774,4.0,0.21052631578947367,31.039999999999978,34.22,3.180000000000021,147.0,-0.453790909505865,-192.61744689941406,69.34088897705078,1.1168212890625,7.9832987785339355,-24.978317260742188,-20.357223510742188,-22.950593948364258,-14.939294815063477,-12.640294075012207,-6.119967937469482,-6.9776201248168945,-5.872389793395996,-11.357211112976074,100.2376937866211,40.611141204833984,34.849525451660156,25.27692413330078,22.393640518188477,16.157798767089844,11.824906349182129,12.110160827636719,10.261809349060059,10.329141616821289,8.929829597473145,7.964136600494385,7.791965484619141,call_349b9fddaff0,human,train
0.3390938395415497,0.6407593123209178,62.0,22.0,1.2216129032258154,1.6234264774160359,6.505454545454555,4.302553921560303,-4.352631578947378,-2.640000000000043,4.235311263159403,-9.52,-0.8040000000000022,0.0,-1.6500000000000092,-6.18000000000001,4.530000000000001,0.9473684210526315,0.9473684210526315,-1.3218245709135552,1.4774407110455927,-0.795442389663373,0.9730461182773955,1.3289205375944073,18.0,0.2903225806451613,4.499999999999261,30.05999999999966,25.5600000000004,223.36,-3.10925519794408,-242.55990600585938,85.56385803222656,-21.414709091186523,-5.631834983825684,-23.035167694091797,-19.815343856811523,-11.90681266784668,-5.749899387359619,-15.896585464477539,-3.0666980743408203,-11.994853973388672,-9.037967681884766,-9.058053970336914,93.23491668701172,29.782123565673828,43.73358917236328,23.43137550354004,32.288639068603516,18.316049575805664,20.014829635620117,12.08489990234375,10.257530212402344,9.920705795288086,9.227790832519531,8.539729118347168,9.198697090148926,call_34f4c668dbe8,human,train
0.28004012036108317,0.4854563691073216,10.0,12.0,2.791999999999999,3.4223757829905237,4.0333333333333306,3.1062553375764534,-0.43333333333333135,1.2899999999999991,2.71989378877599,-4.239999999999995,1.6500000000000017,0.0,1.4299999999999982,-2.4499999999999957,3.8799999999999937,0.3333333333333333,0.3333333333333333,-0.7372701028924151,-1.365447535354991,-0.4534564824483369,6.276677959613826,1.2257792914630177,2.0,0.2,23.380000000000052,24.54000000000005,1.1599999999999966,99.7,-5.306456267655787,-157.01429748535156,92.54745483398438,16.486202239990234,4.483423233032227,-22.550029754638672,-15.270806312561035,-15.95371150970459,-7.429542064666748,-13.598411560058594,-2.620992660522461,-7.540618896484375,-6.773813724517822,-7.602419376373291,102.82786560058594,38.780216217041016,37.7634162902832,27.406082153320312,24.110692977905273,15.477691650390625,15.705628395080566,12.418585777282715,10.58931827545166,9.658956527709961,9.51010799407959,8.139871597290039,7.759787082672119,call_35966c559fcc,human,train
0.23402113739305508,0.6323603422244594,37.0,21.0,1.0054054054054065,1.1757978190667506,4.78666666666667,3.3642509013128263,-2.726250000000004,-1.3499999999999943,4.171442908335201,-7.5,0.6999999999999904,0.0,-0.05000000000002203,-3.15000000000002,3.099999999999998,0.875,0.8125,-1.7052738543361832,2.3756360123457743,-0.7896959185664489,1.5301028543989332,1.169476324252664,13.0,0.35135135135135137,21.239999999999895,29.43999999999994,8.200000000000045,158.96,-1.6804367023188145,-225.51083374023438,55.120906829833984,-36.3609619140625,-20.857654571533203,-24.05548667907715,-6.306098937988281,-22.036619186401367,-5.157944202423096,-16.082887649536133,-4.744537830352783,-7.353394508361816,-9.828263282775879,-4.603178024291992,108.54147338867188,30.654008865356445,50.82380294799805,24.873353958129883,26.28286361694336,19.2226505279541,21.016286849975586,12.62082290649414,12.407523155212402,10.702070236206055,8.298741340637207,8.264095306396484,7.566081523895264,call_36640e327eaf,human,train
0.27917716204869886,0.47411139098796556,11.0,18.0,3.6272727272727305,1.6504384591489667,3.7644444444444463,2.223556266240142,2.751111111111108,2.69999999999996,0.4696202826502958,2.1960000000000077,3.2560000000000002,1.0,3.200000000000003,2.3999999999999915,0.8000000000000114,0.0,0.0,-0.08093953518282158,-1.4898102115621588,0.4371251642407388,0.1707020412890286,0.4550080963817927,0.0,0.0,35.25999999999992,36.399999999999906,1.1399999999999864,142.92,-0.17240634564319107,-72.58836364746094,78.35535430908203,-3.321706533432007,22.23430824279785,-31.237411499023438,1.115323543548584,-28.996835708618164,0.35656923055648804,-12.596941947937012,-0.15845343470573425,-5.399356365203857,-7.166281700134277,-13.032902717590332,97.74829864501953,32.26698684692383,35.406646728515625,30.10050392150879,25.313230514526367,17.273117065429688,18.03219223022461,13.83964729309082,12.446135520935059,13.555001258850098,11.737519264221191,10.211264610290527,9.659663200378418,call_36d72e4b1aef,synthetic,val
0.3282442748091603,0.46819338422391893,13.0,17.0,3.7707692307692304,3.4775111823930422,4.112941176470592,2.1222068555436038,0.34200000000000086,1.7500000000000036,2.6488556019534126,-3.879999999999999,2.3959999999999964,0.2,1.8850000000000051,-1.404999999999994,3.289999999999999,0.4,0.4,-0.46007011660654323,-0.9908620703100608,-0.17154729842980565,7.745191795930451,0.9222285874973599,4.0,0.3076923076923077,30.39999999999995,33.139999999999944,2.739999999999995,149.34,-0.17240634564319107,-111.26423645019531,90.23550415039062,7.7799553871154785,20.79135513305664,-58.77687072753906,-21.01148223876953,-34.495201110839844,-0.6081346869468689,-2.754678249359131,-3.4130795001983643,0.35334882140159607,-16.67438316345215,-11.206490516662598,88.9324951171875,19.37833023071289,27.010522842407227,17.259790420532227,24.73528480529785,14.651286125183105,17.240659713745117,15.969697952270508,11.34015941619873,9.418231010437012,8.168657302856445,8.79921817779541,7.743332386016846,call_373750027ccd,synthetic,train
0.48013757523645606,0.3834909716251071,48.0,15.0,1.16333333333333,1.3631784753125895,2.97333333333333,3.0192773233930597,-2.127692307692304,-0.9200000000000017,3.0290139391866426,-7.403999999999995,0.4720000000000058,0.0,-0.11999999999999034,-3.580000000000001,3.4600000000000106,0.8461538461538461,0.7692307692307693,-0.9443342699940481,-0.6287285233528488,-0.9910539109477422,1.423614648984795,1.171786653989232,10.0,0.20833333333333334,15.860000000000198,34.12000000000012,18.25999999999992,116.3,-0.17240634564319107,-157.5926513671875,82.98938751220703,-25.46909523010254,14.461604118347168,-46.0910758972168,-16.024702072143555,-28.731287002563477,3.227195978164673,-10.058332443237305,-3.1160366535186768,-7.294808864593506,-10.258377075195312,-11.282990455627441,71.46980285644531,16.61484718322754,28.701425552368164,15.66049575805664,16.459856033325195,12.973396301269531,13.466076850891113,12.313689231872559,8.9755277633667,8.767847061157227,9.910481452941895,9.423774719238281,7.3896284103393555,call_374f870c8124,synthetic,train
0.2963684430221232,0.46625852233198833,11.0,21.0,3.8727272727272717,3.9508459184172664,3.1914285714285717,3.416512125258861,0.795555555555556,-0.7399999999999949,2.3731044417298652,-1.2520000000000067,4.144000000000001,0.3333333333333333,3.1199999999999903,-1.1799999999999926,4.299999999999983,0.5555555555555556,0.5555555555555556,0.719480896023861,-1.2045008602414573,0.4827364505502381,2.982952506804777,1.0201714810180293,5.0,0.45454545454545453,34.120000000000005,38.58000000000001,4.4599999999999795,143.74,-0.17240634564319107,-42.96343994140625,37.64875030517578,-17.583688735961914,2.2876431941986084,-54.66975021362305,-3.3497486114501953,-36.278011322021484,5.576996803283691,-31.384918212890625,3.7629005908966064,-19.029550552368164,-4.678001403808594,-12.489797592163086,85.37747955322266,28.51184844970703,39.0051155090332,17.566967010498047,26.191381454467773,15.387255668640137,18.83665657043457,11.36290168762207,12.4947509765625,9.786957740783691,9.609854698181152,9.393754005432129,10.150632858276367,call_37e63dcc8185,synthetic,train
0.24237288135593218,0.4670702179176766,13.0,26.0,3.079999999999999,1.8845770796735188,2.9676923076923143,1.9383107389451402,3.6775000000000007,3.229999999999997,1.219894974987601,2.690000000000002,5.296000000000002,1.0,3.955000000000001,2.825000000000003,1.1299999999999981,0.0,0.0,1.2149793477232023,0.21184620391987874,0.4314021672554359,0.3317185519118646,0.6118756750200142,0.0,0.0,47.99999999999983,48.99999999999983,1.0,165.2,-0.17240634564319107,-118.86481475830078,83.72017669677734,16.62088394165039,27.99383544921875,-31.9436092376709,1.8282700777053833,-23.857280731201172,1.9721767902374268,-11.327385902404785,-1.2070748805999756,-7.9444966316223145,-8.337620735168457,-12.218684196472168,85.76274871826172,22.611011505126953,30.053325653076172,21.090734481811523,16.569700241088867,12.248209953308105,12.35545825958252,12.174208641052246,12.283438682556152,10.508550643920898,9.934391021728516,8.687271118164062,8.573073387145996,call_387c5493a07f,synthetic,train
0.35425164731722686,0.41407802531116056,13.0,17.0,5.21076923076924,4.106067670652333,4.657647058823536,4.011160209761472,3.7555555555555427,3.3000000000000043,1.0370804223728967,2.9759999999999707,4.908,1.0,4.119999999999976,3.0799999999999557,1.0400000000000205,0.0,0.0,1.53269787310884,1.1802902988253798,-0.07666703674672427,0.2761456745228045,0.7879964527345185,0.0,0.0,44.299999999999756,45.39999999999978,1.1000000000000227,191.22,-0.17240634564319107,-53.58681106567383,79.69527435302734,-22.18345832824707,17.585655212402344,-44.27089309692383,-0.8578022718429565,-31.28434181213379,3.5961878299713135,-13.495643615722656,2.5251150131225586,-2.973978042602539,-7.22842264175415,-7.49899959564209,65.24636840820312,24.795921325683594,29.314485549926758,25.878332138061523,22.723356246948242,14.699110984802246,16.07988166809082,15.616482734680176,11.271140098571777,11.636002540588379,9.06453800201416,9.113204956054688,8.603965759277344,call_39880aff21ed,synthetic,train
0.34639741904648125,0.46588600788624734,25.0,16.0,2.3192000000000013,1.8955060960070764,4.873750000000005,2.8001939106961893,-0.391111111111115,0.7199999999999704,2.6121955195005504,-2.4920000000000213,1.2920000000000065,0.0,1.0200000000000031,-0.9200000000000017,1.9400000000000048,0.3333333333333333,0.3333333333333333,-1.9854224955542914,2.630783188719861,-0.7188603285839251,6.678908981646175,0.8173103204509162,3.0,0.12,31.419999999999902,33.33999999999992,1.920000000000016,167.38,-10.90206114411934,-97.51136016845703,77.03887176513672,-17.901399612426758,4.245757579803467,-53.268150329589844,-8.784107208251953,-28.406686782836914,-19.940975189208984,-15.716923713684082,-6.49675989151001,-6.894616603851318,-2.998751163482666,-10.394962310791016,82.09915924072266,33.307376861572266,32.046051025390625,28.43992805480957,22.10027503967285,15.184879302978516,12.625017166137695,12.684946060180664,8.7164945602417,8.985821723937988,8.595827102661133,7.144532680511475,7.104631423950195,call_3adbf4ac0f30,human,train
0.17322706571242635,0.5858815875081325,11.0,15.0,1.9363636363636312,1.213524339399112,4.802666666666664,2.379017911286553,0.3520000000000036,1.1000000000000085,2.39045100347194,0.058000000000006824,1.3480000000000032,0.0,1.295,0.9800000000000022,0.3149999999999977,0.1,0.1,-2.639833203053605,5.027448757048891,-0.39726242293442954,6.791053967843357,0.6267027101641567,1.0,0.09090909090909091,29.62000000000009,30.48000000000009,0.8599999999999994,122.96,-2.016215753498857,-195.09286499023438,50.340965270996094,-24.774736404418945,0.7054099440574646,-29.00502586364746,-17.784513473510742,-16.703245162963867,-15.519336700439453,-22.119747161865234,-2.2518608570098877,-5.4975504875183105,-10.894590377807617,-4.582629203796387,80.60566711425781,28.73574447631836,36.86943817138672,20.38037872314453,23.66416358947754,12.742770195007324,14.078887939453125,10.789549827575684,11.593137741088867,8.522793769836426,8.057964324951172,8.088598251342773,8.151021003723145,call_3b1bf9fab29d,human,train
0.16841566419247597,0.6429485538776564,23.0,27.0,1.1443478260869628,0.9277360292058116,3.721481481481487,2.755062281615969,-0.41400000000000803,-0.4100000000000392,1.879032729890576,-2.0200000000000466,1.3659999999999997,0.05,1.1200000000000045,-1.2650000000000041,2.3850000000000087,0.6,0.55,-0.9685146381546655,0.6007038963871429,0.037469836347450845,4.538726389738679,0.8107115749653184,11.0,0.4782608695652174,29.479999999999706,36.999999999999886,7.520000000000181,156.28,-0.17240634564319107,-158.93280029296875,75.94017791748047,-27.11909294128418,-2.8000266551971436,-34.91365051269531,-13.517324447631836,-21.38245964050293,-9.115516662597656,-11.67338752746582,-2.338951587677002,-8.877001762390137,-11.368203163146973,-8.540189743041992,119.76359558105469,32.583709716796875,44.71699523925781,19.932750701904297,25.223318099975586,15.578507423400879,13.995959281921387,10.846114158630371,10.243556022644043,9.20533275604248,7.5239152908325195,7.483653545379639,7.065339088439941,call_3b9afdd4a2df,human,val
0.2632373761208126,0.6175554506842862,25.0,30.0,2.231200000000008,1.6122439517641223,4.362000000000008,3.1909804136033206,-0.49500000000000954,-0.4300000000000139,1.5129028389159758,-1.680000000000021,0.9700000000000024,0.0,0.7999999999999932,-1.4200000000000301,2.2200000000000233,0.5625,0.5,-1.0872697802567797,1.0459013518518043,0.022050063917316315,3.056369365372883,0.7225905122989987,8.0,0.32,25.259999999999565,37.31999999999974,12.060000000000173,211.9,-0.17240634564319107,-211.0823516845703,85.07856750488281,2.1034865379333496,-4.785980701446533,-39.25352096557617,-27.06999397277832,-28.112497329711914,-24.215457916259766,-3.4729580879211426,-10.358819961547852,-2.0667970180511475,3.733318328857422,-10.250473976135254,99.09024810791016,34.24349594116211,33.48963928222656,28.320350646972656,19.866731643676758,18.27046775817871,14.35519790649414,14.602864265441895,14.53744125366211,11.795683860778809,11.791016578674316,8.868287086486816,8.670299530029297,call_3ca96b2dd5c4,human,train
0.3006301919220851,0.4530220567172731,15.0,20.0,2.798666666666664,2.590531133871113,3.1630000000000003,3.9974055335930094,1.2333333333333327,1.8799999999999955,1.9776754030932358,0.4440000000000015,2.1119999999999877,0.3333333333333333,2.0600000000000023,1.7600000000000051,0.29999999999999716,0.1111111111111111,0.1111111111111111,-2.4401589279590996,4.027401261963613,-0.5678045745654053,1.6035205958024725,0.9256304667504114,1.0,0.06666666666666667,34.40000000000002,36.920000000000016,2.519999999999996,139.64,-2.729418803901351,-152.55711364746094,70.69241333007812,-23.154905319213867,18.000350952148438,-43.38115692138672,-9.702689170837402,-33.658573150634766,-9.305198669433594,-21.794755935668945,-10.140239715576172,-10.884696006774902,-9.291345596313477,-10.149735450744629,93.7027587890625,25.680692672729492,35.75625991821289,21.744970321655273,24.870819091796875,13.665346145629883,14.958087921142578,14.047708511352539,11.16930103302002,10.272113800048828,9.501832962036133,9.175804138183594,7.385043144226074,call_3cd08cbaf55c,synthetic,train
0.25379876796714607,0.5519507186858318,20.0,24.0,1.854000000000002,1.3785078889872158,3.3600000000000008,2.545636790012799,0.21538461538461284,0.6800000000000068,1.2519069477869251,-1.1680000000000326,1.2560000000000033,0.0,0.8000000000000043,0.3400000000000034,0.46000000000000085,0.23076923076923078,0.23076923076923078,-1.8559892167994412,2.6771451649792715,-0.6524261114862019,5.812425087738819,0.7435317628067327,3.0,0.15,28.37999999999994,32.76000000000002,4.380000000000081,146.1,-10.90206114411934,-96.67922973632812,70.724609375,-14.826766967773438,-0.08543472737073898,-39.90108871459961,-12.163920402526855,-38.280399322509766,-8.305581092834473,-23.570850372314453,-5.207846164703369,-8.451809883117676,-6.654374122619629,-6.69293737411499,88.42708587646484,31.680599212646484,30.274791717529297,23.790132522583008,22.186756134033203,16.509613037109375,14.294600486755371,11.174788475036621,8.641376495361328,9.557645797729492,8.79377269744873,7.689034938812256,7.470257759094238,call_3d69be34ef44,human,train
0.30883197427357334,0.4817962558860697,23.0,20.0,2.33826086956522,1.3977237774446083,4.195000000000009,2.8257662677581856,0.6449999999999975,1.0900000000000034,1.5175446176856429,0.3499999999999787,1.4780000000000044,0.08333333333333333,1.3400000000000025,0.6050000000000004,0.7350000000000021,0.08333333333333333,0.08333333333333333,-2.50140906452152,5.321957501251498,-0.5635899370247476,2.3527823493532813,0.5977621210018116,1.0,0.043478260869565216,36.45999999999975,37.47999999999979,1.0200000000000387,174.14,-10.90206114411934,-92.8785171508789,70.63838958740234,-10.633779525756836,6.078435897827148,-47.83430862426758,-11.997252464294434,-39.30314636230469,-12.256553649902344,-21.876882553100586,-4.9587721824646,-6.306826114654541,-6.680131435394287,-5.695960521697998,84.70782470703125,31.983089447021484,33.3046760559082,26.696758270263672,23.105396270751953,15.326448440551758,13.864799499511719,12.975141525268555,10.398573875427246,9.597856521606445,8.541452407836914,8.0000581741333,8.130111694335938,call_3f3ac4984431,human,train
0.16223148445014374,0.5195575504969538,16.0,19.0,1.264999999999996,0.7646731327828918,3.4115789473684193,2.5583737909644158,2.2666666666666706,2.220000000000006,0.7867796529030321,1.7000000000000002,3.1560000000000015,0.8888888888888888,2.5799999999999983,2.0800000000000125,0.4999999999999858,0.0,0.0,-0.9870782178519549,0.9618220776679909,0.36440954908894463,0.3471086702452597,0.6044846894690985,0.0,0.0,39.7000000000001,39.7000000000001,0.0,124.76,-0.453790909505865,-139.7510223388672,78.94640350341797,-20.5706844329834,-7.755091667175293,-62.742149353027344,-16.61998748779297,-25.808500289916992,-5.61354923248291,-21.07415771484375,-9.364484786987305,-11.080432891845703,-15.017951011657715,-7.311986446380615,89.46894836425781,26.7196102142334,29.89510726928711,13.506495475769043,21.885757446289062,14.925675392150879,15.580794334411621,11.69527816772461,10.305695533752441,9.273308753967285,8.882721900939941,7.234621047973633,7.191301345825195,call_415d987a1504,synthetic,train
0.17025136045607636,0.6250323918113497,9.0,17.0,1.4599999999999973,1.294638516686759,2.837647058823528,2.8658958755597146,0.30857142857143166,0.8999999999999986,1.421261296690156,-1.319999999999996,1.7320000000000038,0.0,1.660000000000002,-1.2299999999999933,2.8899999999999952,0.42857142857142855,0.42857142857142855,-0.19389081875593975,-1.8498040699339229,0.03841950498394156,4.6059393724951,0.8867387094520703,3.0,0.3333333333333333,15.800000000000054,18.76000000000004,2.9599999999999866,77.18,-0.453790909505865,-64.11425018310547,77.62003326416016,-23.71257972717285,14.301714897155762,-48.39238739013672,-3.9230973720550537,-33.81486129760742,-0.388313353061676,-16.180648803710938,-1.385920524597168,-6.1084113121032715,-10.361953735351562,-11.045501708984375,87.99320983886719,24.574771881103516,31.36239242553711,28.731626510620117,24.63690185546875,14.023454666137695,16.278120040893555,17.16761016845703,10.561991691589355,13.465459823608398,9.92247486114502,9.01749038696289,8.324545860290527,call_41fc5fd779c9,synthetic,train
0.31527719001269655,0.43616871208915214,18.0,18.0,2.4833333333333396,1.568073836130024,3.435555555555555,3.7410429654223183,2.1419999999999986,2.8000000000000016,1.7862463435931788,-1.2459999999999982,3.518000000000004,0.8,3.360000000000004,2.1449999999999747,1.2150000000000292,0.2,0.2,-1.1879353008108744,-0.17114751546754592,0.06388899143229904,0.8339151926980695,0.6314391283886902,2.0,0.1111111111111111,35.239999999999895,38.699999999999875,3.4599999999999795,141.78,-0.17240634564319107,-148.06686401367188,68.24408721923828,-19.93065071105957,4.900276184082031,-58.17975997924805,-13.90320110321045,-26.065858840942383,-9.592284202575684,-23.593671798706055,-14.144332885742188,-15.948549270629883,-15.440587997436523,-8.48427677154541,67.56422424316406,22.942079544067383,34.40311813354492,14.24133014678955,22.694599151611328,14.293318748474121,15.392675399780273,10.608990669250488,11.301074981689453,8.983491897583008,8.598803520202637,9.161806106567383,8.145706176757812,call_450b4e13468b,synthetic,train
0.28852213053263254,0.5005251312828206,22.0,24.0,1.7481818181818147,1.8979190431140305,2.78,2.2699779734614176,1.4466666666666699,1.7100000000000009,1.885777175478471,-1.1619999999999933,2.4820000000000095,0.3333333333333333,2.1100000000000065,0.6800000000000015,1.430000000000005,0.25,0.25,0.5290905706398966,0.619187837995764,-0.4099795461000553,1.3035326088766825,1.0856531181649605,3.0,0.13636363636363635,28.12000000000009,31.74000000000005,3.619999999999962,133.3,-0.17240634564319107,-209.38327026367188,113.58549499511719,2.0921993255615234,11.068798065185547,-23.891908645629883,0.4360348582267761,-17.027311325073242,1.164182186126709,-16.039485931396484,1.8638026714324951,-11.814882278442383,-0.25812432169914246,-10.160362243652344,64.36479187011719,25.341060638427734,30.019588470458984,16.246461868286133,20.33127784729004,14.199450492858887,14.460533142089844,11.163214683532715,11.0288667678833,10.334400177001953,7.980751991271973,8.759066581726074,8.435894012451172,call_4789ebd9b148,synthetic,train
0.20849897189856065,0.5771076079506505,17.0,27.0,1.7894117647058825,1.5385725645325212,3.1185185185185156,2.7907833809320803,-0.22727272727272557,1.0600000000000023,2.064104872728091,-1.5800000000000125,1.419999999999999,0.0,1.1600000000000037,-1.3000000000000007,2.4600000000000044,0.45454545454545453,0.36363636363636365,-1.55142876679266,1.6630846834919861,-0.37569157662684166,9.082061400042598,0.859820301855224,4.0,0.23529411764705882,31.280000000000086,33.48000000000009,2.200000000000003,145.9,-3.506464564079912,-143.8584747314453,71.91100311279297,6.841686248779297,19.411012649536133,-23.956144332885742,-11.032092094421387,-25.903779983520508,-10.63400650024414,-11.481276512145996,-6.4480719566345215,-9.137613296508789,-2.205167531967163,-13.742674827575684,81.31944274902344,41.846435546875,30.241409301757812,31.21343994140625,17.939085006713867,17.14095687866211,15.182053565979004,12.39356517791748,12.404921531677246,9.568160057067871,8.993809700012207,9.747761726379395,8.230793952941895,call_47bef2f628eb,human,val
0.5270212462569509,0.5117638671039494,50.0,19.0,1.4783999999999986,1.813909986741349,3.7778947368421023,3.6288429052557416,-3.182499999999998,-2.729999999999997,3.5574139132240434,-5.790000000000003,0.23000000000000398,0.0,-0.654999999999994,-4.204999999999995,3.5500000000000007,0.9375,0.8125,-1.8613497875474436,3.7370693917236295,-0.9770450572692339,1.1178048427670828,1.2269412780806341,13.0,0.26,-5.439999999999884,26.20000000000003,31.639999999999915,140.26,-0.17240634564319107,-248.0364532470703,79.7762222290039,-7.6430230140686035,-11.88705062866211,-12.175661087036133,-9.107452392578125,-13.377952575683594,-11.75290584564209,-18.11262321472168,-6.229623317718506,-12.542591094970703,-7.111656665802002,-12.684266090393066,82.9854736328125,38.860069274902344,41.427528381347656,28.238489151000977,28.44708251953125,16.626070022583008,19.70047378540039,16.4372501373291,10.552356719970703,10.03393840789795,9.24449348449707,9.52286148071289,9.224549293518066,call_486215b37ca1,human,train
0.19522580645161294,0.5510967741935489,19.0,17.0,1.5926315789473686,1.2868927984848764,5.024705882352945,3.2676131199592975,0.28000000000000125,1.2199999999999989,2.714904729876852,-4.275999999999995,2.684000000000001,0.15384615384615385,1.5400000000000063,-0.040000000000020464,1.5800000000000267,0.38461538461538464,0.3076923076923077,-0.7818357521055739,-0.018184174573192546,-0.08845508630974355,9.696088286359826,0.8080291855869165,4.0,0.21052631578947367,39.31999999999992,40.59999999999994,1.2800000000000153,155.0,-5.306456267655787,-159.38751220703125,34.81473159790039,-17.233234405517578,8.186921119689941,-36.99615478515625,-5.769652843475342,-27.874710083007812,-13.672929763793945,-17.23736572265625,-0.19378219544887543,-5.816639423370361,-11.861143112182617,-4.995680809020996,102.11823272705078,30.250308990478516,42.2024040222168,22.27997589111328,26.148515701293945,13.995991706848145,14.878129005432129,12.231287002563477,9.275334358215332,9.000120162963867,8.15412425994873,7.696739673614502,7.245354652404785,call_488e7b893457,human,train
0.3673603793466812,0.41556902002107504,18.0,17.0,3.098888888888893,2.7219802613556636,3.7117647058823553,2.313327715890525,-0.567272727272727,-1.1599999999999966,1.589860433606396,-2.719999999999999,1.1600000000000108,0.0,1.0200000000000031,-1.7000000000000086,2.7200000000000117,0.5454545454545454,0.5454545454545454,-0.08712927064457056,-1.6215073110314806,-0.5102573174115859,2.8026385799425224,0.8783729775652773,6.0,0.3333333333333333,32.959999999999894,37.69999999999993,4.7400000000000375,151.84,-0.17240634564319107,-158.9822235107422,82.51016235351562,-8.983508110046387,-12.690481185913086,-55.89840316772461,-19.503015518188477,-12.240104675292969,-7.5976338386535645,-18.510276794433594,-5.504676818847656,-4.619660377502441,-8.649456977844238,-6.386510848999023,80.2860107421875,27.458040237426758,34.12649917602539,18.11817169189453,22.706153869628906,16.029390335083008,15.552456855773926,10.646141052246094,8.798318862915039,7.808852195739746,7.736938953399658,6.51634407043457,6.549968719482422,call_4ac92327c83b,human,train
0.19210686095931973,0.5284760170006076,19.0,19.0,1.6652631578947343,1.3959768073064112,4.5810526315789515,4.247161150619926,2.224444444444446,2.6200000000000045,1.2271657599807513,1.5280000000000031,2.9160000000000004,0.8888888888888888,2.8400000000000034,2.219999999999999,0.6200000000000045,0.1111111111111111,0.1111111111111111,-2.248059666689256,3.474883421794768,0.3650688293943982,0.5516729188242606,0.8382920139979236,1.0,0.05263157894736842,46.01999999999995,46.61999999999995,0.5999999999999943,164.7,-0.17240634564319107,-79.47240447998047,79.43721771240234,0.9379796385765076,28.45454216003418,-31.5441951751709,6.271416664123535,-22.388261795043945,4.67883825302124,-10.396063804626465,1.539414882659912,-6.283290863037109,-5.685061454772949,-10.640076637268066,91.69851684570312,27.731454849243164,35.50138473510742,27.8165340423584,25.6484432220459,15.760449409484863,17.136564254760742,13.274012565612793,11.52726936340332,12.636168479919434,13.035870552062988,10.142582893371582,9.197222709655762,call_4affad158a4c,synthetic,val
0.5063231850117137,0.33498829039812733,81.0,16.0,1.3345679012345788,1.9447022364874502,4.470000000000011,2.6289826929822193,-3.320000000000012,-4.199999999999996,3.6276052706985706,-6.420000000000013,0.6280000000000023,0.06666666666666667,-1.5100000000000193,-5.810000000000024,4.300000000000004,0.8666666666666667,0.8666666666666667,1.0646169455409862,1.0361050713171895,-0.9256394609172354,1.092652189640333,1.4571774379042628,13.0,0.16049382716049382,33.879999999998944,60.0999999999994,26.220000000000454,213.5,-0.17240634564319107,-113.91683959960938,80.26048278808594,-23.976882934570312,17.435758590698242,-38.78567886352539,-9.736430168151855,-22.93777084350586,6.339077472686768,-12.57065200805664,-0.9204845428466797,-9.844943046569824,-9.102145195007324,-13.564468383789062,75.17511749267578,18.24605369567871,27.740550994873047,17.00972557067871,14.616073608398438,12.509848594665527,11.080352783203125,12.443022727966309,9.70820140838623,9.329243659973145,9.984296798706055,9.167939186096191,8.087743759155273,call_4b1bec58d02d,synthetic,train
0.26348575215374387,0.5610337972167003,20.0,18.0,1.9879999999999978,1.9328466053983693,4.703333333333338,3.660493287947832,-0.47777777777777686,0.6600000000000037,2.1231725620860527,-3.603999999999999,1.3760000000000059,0.0,1.0800000000000054,-0.7999999999999972,1.8800000000000026,0.4444444444444444,0.4444444444444444,-1.0022557659905997,-0.35571383934662215,-0.7338681730428482,4.443849539251131,0.9722568432726935,4.0,0.2,26.47999999999996,29.79999999999994,3.3199999999999505,150.9,-0.7445971666592149,-208.7736358642578,44.15027618408203,-3.293076276779175,1.2119109630584717,-30.584476470947266,-6.87113618850708,-21.513002395629883,-20.124685287475586,-13.398270606994629,-10.2283296585083,-8.852816581726074,-7.274715423583984,-4.7743730545043945,96.83546447753906,39.992828369140625,41.32191848754883,30.20965003967285,28.77790069580078,16.49953842163086,15.522499084472656,13.467145919799805,10.634140968322754,9.562840461730957,8.691228866577148,8.884832382202148,8.563282012939453,call_4baef170cf46,human,train
0.30651575405322684,0.5308962985622514,25.0,16.0,1.6031999999999977,1.405289208668448,4.338749999999999,3.307162444982102,-0.8619999999999968,-0.1700000000000017,2.3465114532002596,-2.839999999999999,1.004000000000001,0.0,0.8950000000000058,-1.564999999999995,2.460000000000001,0.5,0.5,-1.4190282206795124,1.3054333517606915,-0.26019668057744527,2.722171056239092,0.8765526495707943,5.0,0.2,21.260000000000062,25.020000000000067,3.759999999999991,130.76,-3.506464564079912,-158.58489990234375,87.196044921875,-6.193480968475342,-0.9719622731208801,-27.083370208740234,-12.490274429321289,-26.16822052001953,-19.458589553833008,-15.78583812713623,-8.49323558807373,-1.540552020072937,-6.015764236450195,-12.011509895324707,90.2972412109375,38.06499481201172,33.294456481933594,25.106937408447266,21.00611114501953,15.30552864074707,14.152585983276367,13.300917625427246,10.601649284362793,9.598237991333008,8.748887062072754,7.542171955108643,7.547216415405273,call_4c278007298d,human,train
0.17966627861854848,0.5129996119518819,14.0,24.0,1.9842857142857118,0.8083202537689259,3.3049999999999997,1.8195351970581226,2.1800000000000033,1.850000000000001,0.8465931726632355,1.4980000000000069,3.7720000000000056,0.3,2.1300000000000026,1.610000000000003,0.5199999999999996,0.0,0.0,1.2851467071842129,-0.031526936822142027,0.1849607706070638,0.388345491869215,0.407360818828723,0.0,0.0,47.52000000000004,47.52000000000004,0.0,154.62,-0.17240634564319107,-120.87945556640625,96.17121124267578,-5.962675094604492,-12.544784545898438,-24.883853912353516,-13.662320137023926,-25.827327728271484,-12.156753540039062,-11.754469871520996,-6.290029048919678,-2.3260927200317383,-4.28229284286499,-6.820768356323242,88.32260131835938,28.458446502685547,25.981624603271484,28.44864845275879,17.043447494506836,15.586610794067383,12.416626930236816,10.719855308532715,10.33251667022705,7.7628912925720215,9.088672637939453,7.702511310577393,8.444684028625488,call_4c8c40f7c2fd,human,train
0.3168964047179192,0.5360238738098619,13.0,19.0,3.430769230769227,2.380130770610536,3.970526315789472,3.8921749753551906,0.49400000000000405,0.3700000000000081,1.611832497500903,-1.1659999999999968,2.2760000000000074,0.3,2.0250000000000092,-1.1099999999999977,3.135000000000007,0.5,0.5,0.0548163096150585,-1.9087032967232074,0.8093275395479361,3.2628188142471073,0.6937600898860565,5.0,0.38461538461538464,20.700000000000088,26.620000000000076,5.9199999999999875,140.74,-0.17240634564319107,-61.39117431640625,77.20747375488281,-25.0736083984375,14.318194389343262,-48.01620864868164,-5.788286209106445,-34.30515670776367,-1.7083184719085693,-15.319808006286621,-1.743606448173523,-4.447707176208496,-10.565068244934082,-10.72961139678955,81.97975158691406,26.720064163208008,28.421531677246094,28.903589248657227,21.814054489135742,15.40761947631836,14.56236457824707,15.143320083618164,10.84756851196289,10.769429206848145,9.81838321685791,8.851234436035156,8.240180015563965,call_4cd5b14fbe3c,synthetic,train
0.18653948065712755,0.5313990461049284,11.0,24.0,2.559999999999998,1.86090886885463,3.3425,3.5641516639073307,2.334000000000002,2.5400000000000027,1.8937592243999757,-0.17799999999999833,4.377999999999999,0.7,4.020000000000005,0.855000000000004,3.165000000000001,0.2,0.2,-0.4654510356520781,-1.0846886222857457,0.11959800515979341,0.8113792731742051,0.7269175266123883,2.0,0.18181818181818182,42.58000000000004,44.18000000000002,1.59999999999998,150.96,-0.17240634564319107,-68.45002746582031,75.18937683105469,-20.10475730895996,15.594376564025879,-48.22161865234375,-5.659821510314941,-35.10211181640625,0.3025458753108978,-15.906647682189941,0.2700127363204956,-4.7547993659973145,-9.383377075195312,-11.346879005432129,87.00398254394531,24.9153995513916,30.564069747924805,23.82447624206543,21.698810577392578,15.109800338745117,16.42952537536621,15.213479042053223,10.877936363220215,11.960577964782715,9.649637222290039,9.12536907196045,7.514323711395264,call_4d8129939686,synthetic,train
0.31226245249049805,0.48269653930786105,15.0,16.0,2.0813333333333333,1.7399075326643727,3.0162499999999968,2.139523530485234,0.915555555555557,1.3999999999999915,1.704159037382179,-1.0799999999999996,2.576,0.2222222222222222,1.4200000000000017,-0.8199999999999967,2.2399999999999984,0.3333333333333333,0.3333333333333333,0.46563505793385546,-0.3944290835130837,0.03570392120795173,1.8613387523892644,0.8359581350873229,3.0,0.2,20.500000000000057,24.100000000000037,3.59999999999998,99.98,-0.17240634564319107,-161.0553741455078,43.887813568115234,-4.279194355010986,-0.09404817223548889,-41.61796951293945,-17.02191734313965,-33.40074157714844,-6.173494815826416,-26.087186813354492,2.9533181190490723,-10.655234336853027,-5.332156181335449,-4.672581195831299,89.64755249023438,34.88656997680664,41.13581848144531,27.299785614013672,24.616167068481445,13.765032768249512,13.886675834655762,12.714395523071289,9.440896987915039,9.609712600708008,7.951159477233887,8.550968170166016,6.808512210845947,call_4e60206f7e8a,human,train
0.2531497216525051,0.48871960152358596,12.0,20.0,2.8800000000000003,2.368543856465403,3.3359999999999976,2.313573858773475,1.816000000000002,2.610000000000001,2.7048371485174476,1.3440000000000007,3.0880000000000134,0.9,2.7600000000000016,2.2650000000000006,0.495000000000001,0.1,0.1,-2.516106310241625,4.679153971905618,-0.5325426483630857,1.489447768187223,0.8224110609871498,1.0,0.08333333333333333,35.24000000000005,36.48000000000003,1.2399999999999807,136.52,-0.453790909505865,-106.41627502441406,77.30978393554688,14.863115310668945,30.121871948242188,-36.18577194213867,1.168419361114502,-23.578367233276367,1.7077170610427856,-13.701353073120117,-2.0702710151672363,-9.517663955688477,-7.965808391571045,-11.55897331237793,81.50244140625,22.60141372680664,30.15947151184082,20.265947341918945,14.294119834899902,12.575826644897461,12.292200088500977,12.350480079650879,12.211623191833496,10.188002586364746,9.143025398254395,8.623345375061035,8.990474700927734,call_4e9cec0da4ea,synthetic,train
0.3194682111359758,0.5844412268000536,34.0,23.0,1.4276470588235342,1.5158846355754427,3.8608695652173974,2.7317169517953137,-1.3777777777777827,-1.0199999999999978,2.470059728372656,-4.201999999999996,1.0080000000000013,0.0,0.5349999999999966,-2.855,3.3899999999999966,0.6666666666666666,0.6111111111111112,-0.9958594236825058,0.5731484830152018,-0.584869608545165,1.7927852854208675,1.0618062952917895,11.0,0.3235294117647059,14.599999999999682,25.4399999999999,10.840000000000217,151.94,-0.7445971666592149,-254.90078735351562,80.4111328125,-23.022390365600586,-6.534121990203857,-30.440526962280273,-20.30348014831543,-15.185081481933594,-4.45337438583374,-18.179962158203125,-1.1538920402526855,-13.261120796203613,-7.04063606262207,-7.607296943664551,93.19657135009766,28.565698623657227,49.38169479370117,22.631261825561523,31.40097427368164,18.89327621459961,21.344036102294922,12.03618049621582,11.295034408569336,10.809285163879395,11.27078628540039,10.228731155395508,9.746956825256348,call_4f0dad5104b3,human,train
0.20030487804878003,0.6077743902439021,19.0,19.0,1.3831578947368388,1.2364339752163276,4.196842105263156,2.4988861784731213,-0.6111111111111089,0.8400000000000034,2.16870900893414,-2.8639999999999985,1.428000000000003,0.0,1.0600000000000023,-2.0400000000000063,3.1000000000000085,0.4444444444444444,0.4444444444444444,-0.7356836811392188,-0.7122519846618296,-0.3594946429887083,3.5487965542669384,0.8939210621052427,4.0,0.21052631578947367,25.180000000000092,27.64000000000007,2.4599999999999795,131.2,-0.17240634564319107,-231.2637939453125,80.73603820800781,-12.592201232910156,-22.389474868774414,-37.45329284667969,-17.877090454101562,-17.60983657836914,-7.669918537139893,-15.776329040527344,-0.5738151669502258,-13.545782089233398,-5.980552673339844,-9.23401165008545,84.74176788330078,47.63374328613281,38.500709533691406,21.49781608581543,23.452123641967773,15.756434440612793,19.635587692260742,12.937080383300781,9.87476634979248,10.052355766296387,9.302157402038574,8.0997314453125,7.068902015686035,call_51851f91f064,human,train
0.20251005239429784,0.6043621298891193,23.0,21.0,1.4452173913043498,1.2148675704004046,4.723809523809526,3.73140912511037,-1.5466666666666693,0.6400000000000059,4.183470117285682,-6.454000000000003,1.1680000000000064,0.08333333333333333,1.0600000000000023,-2.680000000000028,3.7400000000000304,0.5,0.4166666666666667,-1.3831011491618073,0.6930848704631689,-0.39636869656105905,2.7048298154617534,0.8406123375413713,5.0,0.21739130434782608,31.699999999999903,34.49999999999997,2.800000000000068,164.14,-0.17240634564319107,-212.09910583496094,78.45121765136719,-3.289246082305908,20.00556755065918,-33.72236251831055,-20.95570182800293,-27.45191192626953,-26.897014617919922,-10.523682594299316,-12.784072875976562,-5.900589466094971,0.07307823747396469,-12.432838439941406,95.77604675292969,32.860504150390625,31.773677825927734,26.466297149658203,22.30419158935547,16.5839786529541,15.127474784851074,16.454837799072266,13.771402359008789,9.580349922180176,9.317862510681152,9.067262649536133,10.018072128295898,call_5273f6be303c,human,train
0.27040044034677324,0.49772946195128626,10.0,19.0,3.9300000000000024,2.287273486052769,3.8073684210526286,2.2091695084120446,1.2444444444444427,1.759999999999999,1.3803309676475812,-1.2840000000000003,2.3399999999999666,0.3333333333333333,2.0400000000000063,1.6600000000000037,0.38000000000000256,0.2222222222222222,0.2222222222222222,-1.2001930897425588,-0.33996985164234994,0.0865777156363076,1.1091945266826337,0.5820034314174972,2.0,0.2,33.70000000000003,35.680000000000035,1.9799999999999898,145.34,-3.10925519794408,-120.03800964355469,84.39471435546875,-16.42340850830078,27.333974838256836,-30.209209442138672,0.560776948928833,-24.801836013793945,1.302851915359497,-13.803747177124023,-0.36942705512046814,-4.170138835906982,-3.4607057571411133,-5.697320938110352,58.63407516479492,22.03483009338379,28.17283058166504,18.774564743041992,23.081653594970703,13.654953956604004,13.938652038574219,12.47498607635498,9.963008880615234,9.926576614379883,9.820826530456543,9.351627349853516,7.80195951461792,call_52ba7c3bd761,synthetic,train
0.314970205521099,0.409947707649277,24.0,19.0,2.158333333333331,1.8360820303630876,3.5484210526315842,3.51333289530625,2.551111111111107,3.6400000000000006,2.1066901076989284,-1.0679999999999936,4.335999999999996,0.7777777777777778,3.92,2.3799999999999955,1.5400000000000045,0.2222222222222222,0.2222222222222222,-0.9897368099990363,-0.6078806691409446,0.5041500783453257,0.8257931603596798,0.8506943766080596,2.0,0.08333333333333333,45.23999999999995,47.77999999999996,2.5400000000000063,164.46,-2.729418803901351,-155.8206329345703,68.96009063720703,-19.378990173339844,19.678665161132812,-43.59227752685547,-10.630009651184082,-33.84862518310547,-8.33482551574707,-22.636629104614258,-8.385210037231445,-10.94701862335205,-9.401423454284668,-10.255632400512695,89.27620697021484,27.031307220458984,35.3277587890625,20.711395263671875,25.165325164794922,14.149178504943848,16.226377487182617,14.784612655639648,11.35049819946289,10.740209579467773,9.642056465148926,9.615134239196777,8.852829933166504,call_52bfee0220ab,synthetic,train
0.20815278446477267,0.49895682875942793,11.0,20.0,2.3581818181818157,1.5127207167690124,3.1089999999999955,1.75527177382877,2.0380000000000034,2.190000000000005,1.164042954533893,1.5480000000000036,2.8300000000000067,0.7,2.8149999999999995,2.0000000000000036,0.814999999999996,0.1,0.1,-2.1417355422910487,3.5358205741983113,-0.6054183022085257,0.571169261021944,0.6414775588821473,1.0,0.09090909090909091,36.50000000000013,38.900000000000105,2.3999999999999773,124.62,-0.17240634564319107,-68.42607879638672,84.48534393310547,1.4528636932373047,24.269733428955078,-26.878429412841797,-2.7098824977874756,-25.223960876464844,2.039384365081787,-11.705802917480469,0.8435853719711304,-6.026391983032227,-9.467277526855469,-16.05069351196289,90.18923950195312,21.559528350830078,29.635576248168945,22.42030143737793,16.782794952392578,13.633678436279297,15.669832229614258,14.612507820129395,12.257047653198242,10.571476936340332,11.326043128967285,10.170641899108887,9.764176368713379,call_54a09817b7e2,synthetic,train
0.2142626653759274,0.6061632784769275,16.0,18.0,1.6599999999999975,1.0731029773511953,4.174444444444441,3.6610854829654356,-0.5399999999999957,0.8500000000000085,2.371919054268085,-3.214,1.1700000000000068,0.0,1.08,-2.1399999999999926,3.2199999999999926,0.3333333333333333,0.3333333333333333,-1.3018505433122771,0.5223595593512358,-0.5571269682550815,4.392442684954928,0.6464475763281622,4.0,0.25,22.260000000000105,25.500000000000114,3.240000000000009,123.96,-0.7445971666592149,-213.18734741210938,74.59711456298828,-5.505611896514893,-23.99721908569336,-33.89429473876953,-20.6483154296875,-18.21466636657715,-5.862146854400635,-20.771291732788086,1.0869507789611816,-16.074338912963867,-3.6250834465026855,-11.62000846862793,87.52076721191406,38.5218505859375,34.29773712158203,20.768054962158203,24.665023803710938,14.783031463623047,15.067116737365723,11.942315101623535,11.804239273071289,9.45042896270752,7.580589771270752,7.220805644989014,7.366433143615723,call_565b6523733e,human,train
0.24205729166666662,0.5272135416666669,24.0,20.0,1.5491666666666664,1.4605133705500781,4.049000000000001,2.708589854518402,-0.0584615384615409,0.7600000000000051,2.0225416080301115,-3.003999999999997,1.8240000000000067,0.07692307692307693,1.5,-2.140000000000043,3.640000000000043,0.38461538461538464,0.3076923076923077,-0.7568938372653287,-0.922443932740233,0.20675940567603435,34.59610586136971,0.9427735575733006,4.0,0.16666666666666666,35.43999999999997,38.379999999999995,2.940000000000026,153.6,-0.17240634564319107,-149.2789306640625,44.49562454223633,-27.3655948638916,-15.79116153717041,-24.950851440429688,0.06410225480794907,-26.419631958007812,-4.552581787109375,-16.27685546875,-3.8128814697265625,-13.743157386779785,-6.130377292633057,-8.863761901855469,127.4408187866211,37.56694412231445,41.551212310791016,20.797033309936523,25.591909408569336,15.840959548950195,16.52361297607422,11.69294261932373,12.072312355041504,8.183518409729004,9.910152435302734,8.641024589538574,10.473762512207031,call_568b5e814bc3,human,train
0.2500372079178447,0.5079624944188121,13.0,11.0,2.584615384615382,2.6499596960204004,6.205454545454543,2.996471754448322,1.1600000000000028,2.0500000000000043,2.6740418844887235,-2.0279999999999987,3.876000000000001,0.5,2.9700000000000024,-1.4549999999999985,4.425000000000001,0.375,0.375,-0.24896091221359004,-1.27781133629014,-0.014362618483884555,2.305208519123714,1.0252820248493026,3.0,0.23076923076923078,32.52000000000005,34.440000000000026,1.9199999999999733,134.38,-4.820299282583858,-187.45565795898438,67.63885498046875,12.310245513916016,-10.925591468811035,-46.34268569946289,-17.662487030029297,-18.231407165527344,-2.2536122798919678,-17.154010772705078,-5.063391208648682,-15.629473686218262,-9.774170875549316,-6.943116664886475,87.38787841796875,33.259544372558594,47.5477180480957,22.925100326538086,22.88901138305664,18.301786422729492,18.598901748657227,13.824502944946289,9.56579303741455,8.545028686523438,9.741666793823242,10.293183326721191,10.503098487854004,call_569ffb0869eb,human,val
0.18984797085060917,0.538635506973238,14.0,21.0,2.1585714285714266,1.9415084604607893,4.0828571428571445,3.4787971961545545,2.0509090909090912,2.020000000000003,1.5570453052639888,1.5800000000000018,2.9200000000000017,0.5454545454545454,2.440000000000005,1.8399999999999892,0.6000000000000156,0.09090909090909091,0.09090909090909091,-0.585283993524974,2.1232941531891214,-0.10000258564168846,0.759197621877336,0.8994413776922202,1.0,0.07142857142857142,43.22,44.59999999999998,1.3799999999999812,159.18,-0.17240634564319107,-49.05311965942383,82.81698608398438,-15.395750045776367,18.53705406188965,-40.1590690612793,1.4224262237548828,-32.542144775390625,1.6600351333618164,-12.640098571777344,4.32676887512207,-1.950019359588623,-5.284781455993652,-6.884512901306152,54.66444778442383,24.837440490722656,28.659324645996094,29.528776168823242,25.312673568725586,15.828393936157227,16.454505920410156,14.952414512634277,10.26443099975586,13.190131187438965,9.374135971069336,8.530970573425293,8.225082397460938,call_56f58de34ea0,synthetic,train
0.2624017348875034,0.5363242071021959,8.0,15.0,4.840000000000001,2.574606766090696,5.276000000000001,3.285379328682357,1.5428571428571414,2.339999999999975,2.0684688214488816,-0.26399999999999757,2.7080000000000006,0.7142857142857143,2.530000000000003,2.050000000000006,0.4799999999999969,0.14285714285714285,0.14285714285714285,-1.9684963426533784,2.0067135474544537,0.26692806267769986,1.3406742352553207,0.5319435466030479,1.0,0.125,29.69999999999999,30.359999999999985,0.6599999999999966,147.56,-0.17240634564319107,-73.71473693847656,78.5298843383789,3.4022464752197266,27.260190963745117,-33.21224594116211,-0.9118732810020447,-18.868595123291016,6.7553534507751465,-11.424226760864258,1.0208731889724731,-4.699756145477295,-10.680277824401855,-13.579519271850586,105.9862289428711,24.065570831298828,28.383045196533203,21.306175231933594,19.434986114501953,14.667106628417969,13.858074188232422,15.443142890930176,13.515475273132324,11.51800537109375,11.577832221984863,12.046989440917969,9.988503456115723,call_578504f9f39e,synthetic,train
0.1814189969956094,0.5902472844927203,16.0,19.0,1.9625000000000048,1.3699612220789288,5.37684210526316,4.425653746095879,0.8109090909090857,1.8200000000000003,2.1468177487343936,-1.1200000000000045,2.760000000000005,0.2727272727272727,2.0000000000000027,-0.2899999999999956,2.2899999999999983,0.36363636363636365,0.36363636363636365,-1.325702272219029,1.0170824262877112,0.38067048040511964,2.6474209873270014,0.698069412168589,4.0,0.25,39.5199999999999,41.55999999999992,2.0400000000000205,173.08,-4.820299282583858,-170.41317749023438,74.22150421142578,5.232205867767334,-10.807143211364746,-34.06585693359375,-8.20355224609375,-24.294124603271484,-8.265205383300781,-7.02083683013916,6.263315677642822,-6.565311431884766,-8.655428886413574,-9.219085693359375,96.37068939208984,30.999061584472656,32.324012756347656,26.77198028564453,19.35150718688965,19.73609733581543,12.48431396484375,10.497204780578613,11.172307968139648,10.48995590209961,9.478474617004395,9.420319557189941,9.223701477050781,call_57f113803718,human,train
0.19238697265356658,0.43328294626906677,18.0,21.0,1.5555555555555598,0.7137866334029279,3.002857142857142,2.594053901957035,3.4400000000000004,3.6799999999999997,1.3341664064126326,2.5140000000000016,4.536000000000007,0.9,4.344999999999995,2.8900000000000006,1.4549999999999947,0.1,0.0,-1.2247253475103386,1.2375378866304683,0.17860836066356256,0.3878390715188353,0.45886283546404055,0.0,0.0,54.47999999999993,55.59999999999992,1.1199999999999903,145.54,-1.357156512608784,-178.59268188476562,89.63314819335938,-14.743494033813477,-26.213407516479492,-47.27275085449219,-1.8483681678771973,-11.581933975219727,3.3848581314086914,-23.09630584716797,-8.626723289489746,-22.734933853149414,-10.908652305603027,-15.336419105529785,64.14973449707031,22.694059371948242,28.21132469177246,16.433576583862305,22.203950881958008,13.31591510772705,15.378867149353027,9.573823928833008,11.401198387145996,9.278018951416016,7.967442989349365,7.81013822555542,8.926258087158203,call_5823cd70919d,synthetic,train
0.2937558497125285,0.45634443107367273,16.0,17.0,2.7462500000000007,1.6670740647913609,4.015294117647057,3.69644999432613,2.8490909090909113,2.5800000000000054,0.9060749973520102,2.1799999999999997,3.020000000000003,1.0,2.9399999999999977,2.3599999999999994,0.5799999999999983,0.0,0.0,2.3188496212202487,4.365141226359929,-0.2281976302101148,0.3180224941727459,0.6070365276957028,0.0,0.0,37.380000000000024,38.920000000000016,1.539999999999992,149.58,-0.17240634564319107,-152.4496612548828,64.2798080444336,-21.494686126708984,4.189484596252441,-57.58681869506836,-13.758901596069336,-28.114919662475586,-8.96948528289795,-24.700963973999023,-14.502799987792969,-15.600542068481445,-15.631575584411621,-8.432015419006348,77.44420623779297,20.610618591308594,37.85493469238281,15.239739418029785,23.26237678527832,14.289603233337402,15.730249404907227,10.443289756774902,10.906534194946289,8.596179962158203,8.21541690826416,7.726085186004639,8.201549530029297,call_58a0f7394bc3,synthetic,train
0.20981741993415115,0.5954803950912899,18.0,19.0,1.5577777777777753,1.4892188689061705,4.188421052631577,3.153686669944934,0.32833333333333514,0.9100000000000019,1.5199661911444686,-2.41,1.639999999999998,0.0,1.3099999999999952,0.20000000000000728,1.1099999999999879,0.25,0.25,-1.1018907875360833,-0.41319491810503495,0.39230996692132647,4.629338639132349,0.9559892875571792,3.0,0.16666666666666666,26.020000000000067,29.940000000000055,3.9199999999999875,133.64,-2.365499148623004,-230.61256408691406,89.50777435302734,-18.61115074157715,-31.284555435180664,-27.6908016204834,-20.23703956604004,-21.63560676574707,-4.827484130859375,-15.241195678710938,-4.434279918670654,-13.132196426391602,-5.586928367614746,-11.068929672241211,83.03263854980469,36.020137786865234,41.29625701904297,18.647321701049805,21.317750930786133,15.542415618896484,17.03644561767578,10.569526672363281,10.460112571716309,8.755361557006836,6.9242143630981445,7.006494045257568,6.446850299835205,call_58ed2170e352,human,val
0.22490628904623106,0.5585172844648062,20.0,21.0,1.6200000000000023,1.15412304370028,3.8314285714285705,3.289721779688233,0.6039999999999953,1.1699999999999804,1.7065708306425444,-1.793999999999991,1.6539999999999986,0.1,1.3500000000000032,0.7149999999999839,0.6350000000000193,0.2,0.2,-1.1465803020077856,0.631098507243331,0.2337550587252752,2.8254483904256777,0.7124216314739856,2.0,0.1,31.199999999999974,32.819999999999965,1.6199999999999903,144.06,-0.17240634564319107,-99.12084197998047,66.49848937988281,-1.9773471355438232,-26.29636573791504,-48.968101501464844,-11.348240852355957,-28.733352661132812,-1.983713984489441,-19.5178165435791,0.11907412856817245,-16.14176368713379,-1.540808081626892,-11.1340913772583,83.60581970214844,30.766733169555664,35.86162567138672,21.629566192626953,25.018388748168945,13.807182312011719,16.69095230102539,10.712250709533691,9.021191596984863,10.09152889251709,8.544114112854004,7.702208518981934,7.130207538604736,call_5a6307557d57,human,train
0.32322953981813135,0.4220170845963075,19.0,12.0,2.4694736842105236,1.831943097496582,5.1049999999999995,4.446040373186015,2.412500000000002,3.2800000000000047,2.2366478824347857,-1.138000000000004,4.373999999999997,0.75,3.8700000000000045,1.2950000000000088,2.5749999999999957,0.25,0.25,-0.7126748771405793,-0.942253497943367,0.5953623297880134,0.9271079301586221,0.7418354398623236,2.0,0.10526315789473684,36.98000000000006,39.080000000000055,2.0999999999999943,145.16,-1.357156512608784,-104.75428771972656,96.0914306640625,-6.352466106414795,24.51231575012207,-26.834915161132812,-2.2279391288757324,-27.122482299804688,-0.7088271975517273,-17.18556785583496,-1.4066914319992065,-3.764273166656494,-5.006440162658691,-7.645212650299072,80.38492584228516,26.454364776611328,26.703866958618164,24.353557586669922,21.74760627746582,14.548256874084473,15.055192947387695,14.896039009094238,10.715730667114258,10.438606262207031,9.78714656829834,8.823862075805664,9.601043701171875,call_5a7a7e3c9588,synthetic,train
0.27300426569165104,0.6694088970140156,17.0,10.0,1.054117647058822,0.9894446381892837,4.393999999999998,4.817003632965206,-2.122499999999998,-1.0899999999999963,4.780673984910495,-5.783999999999997,1.3660000000000005,0.125,-0.24499999999999655,-1.7850000000000006,1.540000000000004,0.75,0.75,-1.7752321775371418,2.113773237927896,-0.8184237712765592,2.2523787904160755,0.9386472563203595,6.0,0.35294117647058826,3.7800000000000438,9.780000000000037,5.999999999999986,65.64,-3.506464564079912,-255.8188018798828,94.19789123535156,-22.999897003173828,-15.873566627502441,-30.150676727294922,-25.407390594482422,-14.233344078063965,-4.593714237213135,-15.461563110351562,-3.4255659580230713,-7.776702880859375,-11.209916114807129,-9.016575813293457,98.56623077392578,23.96181297302246,39.820255279541016,21.606857299804688,22.678571701049805,15.841177940368652,19.735387802124023,11.729713439941406,12.099231719970703,9.697172164916992,10.726303100585938,10.040019989013672,10.19858169555664,call_5c9d19646f57,human,train
0.18195908245505252,0.5588964662120269,9.0,13.0,2.6088888888888864,1.6287448776721332,5.547692307692303,2.715783365797209,2.9171428571428613,2.980000000000004,0.30583442232284797,2.5880000000000054,3.2240000000000033,1.0,3.110000000000003,2.8000000000000007,0.3100000000000023,0.0,0.0,-0.7774345676836515,-0.13017940010621354,0.6781538553822368,0.10484039938913074,0.6243059579825578,0.0,0.0,33.44000000000007,33.44000000000007,0.0,129.04,-0.453790909505865,-46.48867416381836,86.63751220703125,-19.728275299072266,16.979494094848633,-40.95820999145508,-2.5643913745880127,-33.36511993408203,2.242448329925537,-10.884193420410156,3.1117238998413086,-2.1708486080169678,-7.234791278839111,-7.300912857055664,58.692771911621094,24.282533645629883,27.810941696166992,26.5319881439209,21.228004455566406,14.934243202209473,15.405879020690918,14.94922924041748,11.348286628723145,11.158832550048828,9.190629959106445,8.835310935974121,7.982265949249268,call_5d86f0ca06aa,synthetic,train
0.5876974231088936,0.1334164588528678,40.0,5.0,1.413999999999998,1.4245153561825852,2.5679999999999987,1.9142664391353672,-1.354999999999997,-1.859999999999998,2.6914819338052416,-3.9959999999999973,1.6900000000000044,0.25,0.4750000000000041,-3.6899999999999995,4.165000000000004,0.75,0.75,0.3289520979965152,-1.522613545544475,-0.9404868643689321,1.9863335290176485,1.0074366019626242,3.0,0.075,26.84000000000009,33.96000000000008,7.11999999999999,96.24,-0.17240634564319107,-138.7124481201172,82.7778549194336,-30.401437759399414,19.08952522277832,-40.54792785644531,-9.129273414611816,-21.693500518798828,6.979962348937988,-13.617298126220703,-2.6541388034820557,-10.855820655822754,-6.2672119140625,-13.584539413452148,65.84346008300781,17.187856674194336,27.1427001953125,17.813079833984375,14.985183715820312,12.761756896972656,12.921119689941406,11.483104705810547,10.034857749938965,9.826424598693848,9.258686065673828,9.160083770751953,7.801835536956787,call_5e4539a471f6,synthetic,val
0.27002861230329,0.522353361945636,19.0,17.0,1.589473684210524,1.7102461308989547,3.4364705882352897,2.958610447244909,-1.1939999999999984,-0.5599999999999952,2.2355321514127247,-4.714000000000002,1.1820000000000035,0.0,0.6250000000000007,-2.9600000000000026,3.5850000000000035,0.6,0.6,-0.5552272166670466,-1.2009305206179548,-0.7598784996668169,1.8723049828646754,1.0759826644581627,6.0,0.3157894736842105,23.220000000000127,27.900000000000105,4.679999999999993,111.84,-6.228770772171527,-164.28765869140625,86.35684204101562,24.897104263305664,8.155580520629883,-23.18157386779785,-16.304611206054688,-15.323917388916016,-10.398795127868652,-11.070352554321289,-3.1574578285217285,-7.577634811401367,-7.622259616851807,-9.362842559814453,113.8026123046875,44.89175033569336,36.41682815551758,29.485673904418945,24.78317642211914,15.754217147827148,14.581048011779785,12.740703582763672,9.693252563476562,9.299384117126465,8.256711959838867,9.331643104553223,7.235984802246094,call_5f7a4b3e8ca9,human,train
0.20407363885624735,0.5627366496931719,13.0,24.0,2.4046153846153824,1.710063495827953,3.5916666666666703,2.544843915755059,1.2381818181818223,1.7200000000000006,1.2073247524387298,-1.1599999999999966,2.180000000000007,0.2727272727272727,1.9300000000000068,1.2600000000000051,0.6700000000000017,0.18181818181818182,0.18181818181818182,-1.3652312891864282,0.269248360748509,0.2842205101436629,0.9750787273201261,0.7111588431387826,2.0,0.15384615384615385,35.71999999999994,38.27999999999993,2.559999999999988,153.18,-0.17240634564319107,-149.40513610839844,62.56411361694336,-13.04859447479248,-5.652027130126953,-53.81917190551758,-15.666295051574707,-38.44956970214844,1.5933783054351807,-22.14069938659668,-2.683692216873169,-17.733089447021484,-11.564826965332031,-14.886505126953125,92.00768280029297,29.224748611450195,41.39697265625,20.49336051940918,32.49016189575195,15.593141555786133,19.36966896057129,11.783010482788086,12.973158836364746,9.754693031311035,8.722651481628418,8.86363697052002,7.911881923675537,call_6058d9c5c82f,synthetic,val
0.13391337242292448,0.6759977302818243,21.0,27.0,1.3485714285714319,1.0233199272316527,5.294814814814822,4.847559424402539,-0.13000000000000458,1.0100000000000051,2.4040650098174474,-3.9079999999999973,1.8800000000000054,0.07142857142857142,1.49,-1.9650000000000034,3.4550000000000036,0.35714285714285715,0.35714285714285715,-0.864112441630628,-0.6219544930084311,-0.263186451820302,18.4928076255735,0.7588177420879053,5.0,0.23809523809523808,40.199999999999704,43.35999999999973,3.1599999999999966,211.48,-3.506464564079912,-137.23223876953125,51.6942138671875,26.982622146606445,16.57240867614746,-18.32908821105957,-12.870964050292969,-17.4854793548584,-23.031391143798828,-20.156713485717773,-5.9385833740234375,-2.1991631984710693,-12.105088233947754,-9.151495933532715,100.8407211303711,39.347381591796875,27.801532745361328,28.034521102905273,19.8190860748291,16.211185455322266,12.454490661621094,12.623907089233398,8.625692367553711,9.524683952331543,10.718588829040527,7.486735820770264,8.413339614868164,call_60ffdefc5f5a,human,train
0.34568439407149093,0.4701394943330439,28.0,27.0,2.2657142857142865,1.9442064642188088,3.195555555555564,2.545696926090411,-0.02857142857143291,0.44999999999998863,1.6983809817539965,-2.3759999999999977,1.4539999999999909,0.07142857142857142,1.0200000000000102,-1.0550000000000264,2.0750000000000366,0.42857142857142855,0.42857142857142855,-0.11041962330293457,-0.3784013273139357,-0.7377957153771929,59.44333228086422,0.8580986912689134,6.0,0.21428571428571427,33.799999999999756,40.65999999999974,6.859999999999985,183.52,-9.57961469471563,-108.68242645263672,62.30979919433594,-28.82112693786621,-7.687443733215332,-54.99137496948242,-13.7004976272583,-33.041141510009766,-20.272506713867188,-24.645296096801758,-8.449027061462402,-12.582308769226074,-4.801268577575684,-17.04671287536621,89.29920959472656,29.68425178527832,26.00074005126953,22.86568260192871,17.34784698486328,14.180275917053223,14.648789405822754,12.239577293395996,10.743759155273438,9.554970741271973,9.702217102050781,8.489989280700684,8.010313034057617,call_624a4731ab56,human,train
0.16685751676754437,0.5673155570096512,11.0,19.0,1.8545454545454525,1.007971533115024,3.6505263157894716,3.4076654667848496,1.0020000000000029,1.2000000000000028,0.7947049767051928,0.7160000000000044,1.534000000000009,0.0,1.3350000000000024,1.0450000000000035,0.2899999999999989,0.1,0.1,-2.328205066637299,4.112301273265397,0.1053246472091278,0.7931187384352013,0.5435140616807168,1.0,0.09090909090909091,32.50000000000007,33.80000000000008,1.3000000000000114,122.26,-0.17240634564319107,-136.3337860107422,97.42742156982422,-6.334963798522949,3.2171664237976074,-17.80168342590332,-26.130258560180664,-27.34702491760254,-22.387937545776367,-9.455214500427246,-9.321904182434082,-4.33659553527832,-1.9955893754959106,-7.719651699066162,95.94305419921875,34.012969970703125,30.184528350830078,22.403484344482422,19.634517669677734,16.23397445678711,13.277098655700684,15.270591735839844,9.562884330749512,8.282950401306152,8.136632919311523,7.536129474639893,7.480283737182617,call_63a156c6b8d9,human,train
0.24781778505182775,0.5635570103655207,24.0,26.0,1.5141666666666673,1.4795323491638224,3.1784615384615367,2.13240148533867,-1.2471428571428589,-0.8599999999999994,1.9984366338695443,-4.257999999999998,1.0780000000000065,0.0,0.17499999999996518,-2.3149999999999995,2.4899999999999647,0.7857142857142857,0.7142857142857143,-0.4610934973251662,-0.7439941788069637,-0.5531001702711369,1.6024119617262207,0.9771264820165295,10.0,0.4166666666666667,27.66000000000001,35.22,7.560000000000002,146.64,-0.17240634564319107,-188.0061492919922,67.66567993164062,-36.78607177734375,-7.513889312744141,-20.097875595092773,-17.10678482055664,-17.7342472076416,-20.10408592224121,-7.302203178405762,-9.377077102661133,-6.169818878173828,-1.026613712310791,-9.177385330200195,104.11617279052734,48.0071907043457,40.723670959472656,30.21139144897461,25.592533111572266,21.176578521728516,16.807334899902344,17.22759246826172,13.737680435180664,10.61506462097168,9.931884765625,10.621127128601074,11.416104316711426,call_64637c20ee66,human,val
0.2203672787979964,0.6043405676126876,24.0,20.0,1.2099999999999984,1.059260748509701,3.9819999999999984,3.040071709680548,-1.4960000000000013,-1.700000000000001,2.5376860851308356,-3.347999999999997,1.8759999999999988,0.13333333333333333,-0.9799999999999986,-2.1999999999999957,1.219999999999997,0.8,0.8,-0.36388978311922265,1.17831494616813,-0.44601763974620734,1.696314226894732,0.8754221054828762,12.0,0.5,23.100000000000065,33.10000000000005,10.0,131.78,-0.17240634564319107,-184.47598266601562,41.20087432861328,-24.77249526977539,3.808134078979492,-36.032386779785156,-11.12137508392334,-21.34893035888672,-5.055974960327148,-12.298809051513672,-4.817244052886963,-8.225926399230957,-8.818441390991211,-7.330221176147461,136.18907165527344,45.65149688720703,46.25075149536133,29.04080581665039,29.46312141418457,17.560705184936523,16.90095329284668,14.61308765411377,12.602692604064941,10.646871566772461,9.801384925842285,8.9480619430542,8.76252269744873,call_65a7cdefc22d,human,train
0.23480333730631736,0.4879185177158963,14.0,27.0,3.09571428571429,2.600990784532788,3.335555555555561,2.8954387287764787,3.2516666666666603,3.409999999999986,1.1213223840131343,2.221999999999955,4.198000000000002,0.9166666666666666,4.090000000000002,2.659999999999995,1.4300000000000068,0.0,0.0,-0.9320285709967219,0.7494589266796297,0.5352676530696115,0.3448454280886595,0.8401908392177274,0.0,0.0,51.17999999999981,52.79999999999981,1.6200000000000045,184.58,-0.17240634564319107,-76.30740356445312,77.41424560546875,3.4219589233398438,30.06381607055664,-32.29121780395508,-4.845780372619629,-20.694297790527344,4.058253765106201,-11.287826538085938,1.3730090856552124,-4.025214195251465,-8.740503311157227,-14.440858840942383,99.74052429199219,24.147083282470703,27.37839126586914,21.435863494873047,18.57268714904785,14.199049949645996,14.036166191101074,15.77258586883545,12.144366264343262,10.883954048156738,11.824295997619629,10.347914695739746,9.576803207397461,call_6756c4a91509,synthetic,train
0.2811037792441513,0.48710257948410357,16.0,16.0,2.9287500000000013,1.9759677217758342,5.075000000000004,3.2956751963747903,0.8666666666666644,1.5400000000000063,2.3350850567425265,-0.3440000000000336,2.2680000000000016,0.2222222222222222,1.8200000000000074,1.440000000000012,0.37999999999999545,0.1111111111111111,0.1111111111111111,-2.3342949144622205,3.7370987324565412,-0.52106750747692,2.6943289085171584,0.6746795462573295,1.0,0.0625,38.6399999999999,38.999999999999915,0.36000000000001364,166.7,-4.820299282583858,-214.0241241455078,71.44314575195312,17.220172882080078,-2.881680727005005,-42.184532165527344,-22.786134719848633,-20.029888153076172,-5.7262187004089355,-11.651163101196289,-5.299786567687988,-14.607304573059082,-6.493966102600098,-12.591462135314941,74.68682098388672,28.931421279907227,34.8990592956543,16.12531280517578,21.591283798217773,17.169349670410156,15.520922660827637,10.526413917541504,9.412286758422852,7.28611946105957,7.495960235595703,6.817413330078125,7.321897983551025,call_678ee1dd2242,human,val
0.08057409039405777,0.44630492257333493,7.0,22.0,1.8285714285714312,0.8606879071239472,3.222727272727272,4.217061861509943,1.9914285714285727,1.5400000000000063,1.5734895575614984,0.6200000000000054,4.083999999999992,0.2857142857142857,2.8900000000000006,1.5400000000000045,1.349999999999996,0.14285714285714285,0.14285714285714285,-0.05158124443995644,-0.6635543244600748,-0.135256045702351,0.7901310543328238,0.470688698951,1.0,0.14285714285714285,75.16,75.91999999999999,0.7599999999999909,158.86,-0.17240634564319107,-125.27979278564453,75.5507583618164,-22.647245407104492,-5.4558258056640625,-59.3281135559082,-16.304208755493164,-25.390169143676758,-2.248782157897949,-21.523250579833984,-8.815686225891113,-10.64148235321045,-13.968213081359863,-6.017024040222168,71.78411102294922,25.941017150878906,27.52483367919922,15.480731964111328,21.54938507080078,14.781274795532227,15.575839042663574,11.803335189819336,10.102113723754883,9.864694595336914,8.674159049987793,6.721978187561035,7.016720771789551,call_68544c09a58b,synthetic,train
0.20570724697187412,0.5485526585916648,10.0,10.0,2.003999999999998,1.4950531763117987,5.3439999999999985,2.373871100123175,0.9320000000000028,1.6600000000000001,1.821849609600091,-1.0399999999999971,2.2040000000000033,0.2,1.8200000000000074,1.3600000000000065,0.46000000000000085,0.2,0.2,-1.3508854818437708,0.07142410823034595,0.5635853319008797,1.9547742571301623,0.7460345187453921,1.0,0.1,23.94000000000004,24.22000000000004,0.28000000000000114,97.42,-13.205887115925385,-188.57464599609375,87.96879577636719,32.39775085449219,-28.889057159423828,-40.879703521728516,-19.750652313232422,-22.19875717163086,-5.610587120056152,-12.575602531433105,-3.6966848373413086,-14.187546730041504,-8.587571144104004,-13.7825345993042,73.57291412353516,30.418052673339844,32.03117370605469,21.205827713012695,18.586036682128906,12.544083595275879,12.60327434539795,7.874699592590332,8.212933540344238,7.146103858947754,7.62869930267334,6.955846786499023,8.073748588562012,call_6971b2685c1d,human,val
0.233359642199421,0.49552749276506186,12.0,21.0,2.956666666666664,2.846118214145167,3.587619047619048,3.5530026265679995,1.0,2.039999999999992,2.6407006645964235,-3.347999999999998,2.942000000000004,0.75,2.450000000000003,0.7050000000000027,1.745,0.25,0.25,-0.9902265637479228,-0.7072620527607594,-0.08648175743997218,2.6407006619557225,0.9626104441429174,2.0,0.16666666666666666,41.22000000000003,42.040000000000006,0.819999999999979,152.04,-0.17240634564319107,-105.06652069091797,85.02267456054688,-12.296789169311523,11.742207527160645,-45.90065383911133,-2.117601156234741,-17.015804290771484,0.36710894107818604,-13.988101959228516,-8.665118217468262,-9.368644714355469,-11.125683784484863,-6.176591396331787,71.11471557617188,24.88302993774414,33.388145446777344,16.1496639251709,26.563066482543945,14.42860221862793,17.33293342590332,10.613444328308105,13.009624481201172,9.361409187316895,8.892584800720215,7.21860408782959,7.15289831161499,call_6afd8cabf618,synthetic,train
0.2230065359477125,0.5915032679738564,16.0,20.0,2.1325000000000007,1.5619999199743886,4.525000000000002,3.1137043854547284,-1.117777777777778,0.2600000000000051,3.035500243517541,-6.163999999999994,1.2640000000000073,0.0,1.0199999999999818,-2.3799999999999955,3.3999999999999773,0.5555555555555556,0.3333333333333333,-0.9865206666899636,-0.7021346997339291,-0.6404357413528857,2.715656279047411,0.7324735846386469,3.0,0.1875,28.37999999999994,30.07999999999994,1.7000000000000028,153.0,-2.365499148623004,-177.7604217529297,36.21665954589844,-23.387563705444336,10.731163024902344,-38.86314392089844,-8.366668701171875,-26.853153228759766,-10.485387802124023,-19.79282569885254,-0.5252411961555481,-5.173671245574951,-12.601607322692871,-2.0952231884002686,95.99678039550781,26.410858154296875,40.226654052734375,22.700923919677734,24.895023345947266,13.8407564163208,15.057707786560059,10.976229667663574,10.173726081848145,9.707681655883789,7.978333950042725,6.8714189529418945,7.176037788391113,call_6b0cc9c966a1,human,train
0.47901538461538584,0.298830769230769,69.0,10.0,1.1281159420289883,1.2120282143393144,4.855999999999996,3.1212407789210963,-3.955,-5.09,2.9937894047511073,-6.921999999999999,0.18599999999999567,0.0,-0.9900000000000038,-6.264999999999997,5.274999999999993,1.0,0.75,0.3116368630864675,-1.554095799788608,-0.9495382139200004,0.7569631868506053,1.0743826659208642,6.0,0.08695652173913043,36.099999999999824,57.05999999999972,20.959999999999894,162.5,-0.453790909505865,-155.91932678222656,79.20092010498047,-34.84328842163086,7.176933765411377,-48.18317794799805,-13.554492950439453,-26.218088150024414,4.08913516998291,-16.175050735473633,-4.6013312339782715,-12.604267120361328,-9.082499504089355,-12.084452629089355,53.291011810302734,17.09895133972168,21.580671310424805,14.456989288330078,15.619719505310059,11.926366806030273,11.794442176818848,11.479557991027832,9.310233116149902,8.52081298828125,8.84974479675293,8.741867065429688,7.422352313995361,call_6b31fbd81fc3,synthetic,train
0.28035637304210365,0.43770656703549327,9.0,14.0,4.335555555555555,3.019459521581492,4.351428571428568,4.336092475856999,2.416666666666669,3.490000000000002,3.1995711518195007,-0.889999999999997,4.650000000000002,0.8333333333333334,4.1050000000000075,2.7700000000000014,1.3350000000000062,0.16666666666666666,0.16666666666666666,-1.5278110887724499,0.7575582694966143,-0.04813732167082558,1.3239604760671186,0.6964412016392995,1.0,0.1111111111111111,39.240000000000066,39.84000000000006,0.5999999999999943,139.18,-0.17240634564319107,-52.106388092041016,37.6698112487793,-18.643341064453125,2.753365993499756,-54.54937744140625,-5.06089448928833,-36.31992721557617,4.274280071258545,-30.522857666015625,2.690675735473633,-18.410409927368164,-3.9652891159057617,-12.740772247314453,105.96045684814453,26.759347915649414,37.44847106933594,18.242794036865234,26.700408935546875,15.261260032653809,17.106651306152344,12.33354663848877,12.959484100341797,10.334274291992188,9.787463188171387,9.59567642211914,10.636082649230957,call_6b6499e4474f,synthetic,train
0.3484239802224969,0.4984548825710752,8.0,14.0,5.637499999999999,3.928198537497818,4.608571428571426,3.649929269652958,0.860000000000003,1.6200000000000045,1.4968156676281612,-1.4759999999999962,1.9960000000000009,0.14285714285714285,1.8900000000000006,0.049999999999998934,1.8400000000000016,0.2857142857142857,0.2857142857142857,-0.9065705385563463,-1.1119239107143308,0.4320661250234291,1.7404833324275264,0.696797966616589,2.0,0.25,19.820000000000036,22.980000000000032,3.1599999999999966,129.44,-0.17240634564319107,-84.11873626708984,76.94709014892578,-0.7841569185256958,31.72334861755371,-33.861698150634766,1.2271456718444824,-23.335018157958984,2.0454092025756836,-11.226968765258789,-2.628099203109741,-6.760596752166748,-7.776860237121582,-12.708178520202637,106.36585235595703,28.456457138061523,37.55977249145508,26.737680435180664,24.653701782226562,16.550012588500977,17.195554733276367,14.736769676208496,12.696150779724121,13.097278594970703,13.357813835144043,10.922607421875,9.922865867614746,call_6c8d4490f8d7,synthetic,val
0.21237785016286642,0.6110749185667756,25.0,23.0,1.3039999999999998,1.2847785801452314,4.07826086956522,2.8346238952635754,-0.647272727272731,-0.21999999999999886,1.9386081741529273,-4.159999999999997,1.1400000000000006,0.0,0.9499999999999922,-1.4400000000000053,2.3899999999999975,0.5454545454545454,0.5454545454545454,-0.8589568874441771,-0.6014658207706165,-0.23691355608579007,2.995040713867504,0.9852596465950704,6.0,0.24,27.099999999999937,30.81999999999995,3.720000000000013,153.5,-5.821445638980221,-164.44528198242188,69.01338195800781,-13.74929141998291,-2.473935127258301,-33.45560836791992,-16.46624183654785,-21.223535537719727,-3.5182249546051025,-15.955636978149414,-9.249638557434082,-10.286466598510742,-4.867431640625,-5.136044979095459,112.80245971679688,39.24806213378906,43.26273727416992,21.798627853393555,23.908016204833984,18.924442291259766,17.62615203857422,14.287287712097168,12.038000106811523,10.200889587402344,10.10438346862793,8.974276542663574,9.116028785705566,call_6d88a2e95795,human,train
0.5119805884137091,0.31801637852593234,47.0,14.0,1.4365957446808502,2.131667289311893,2.9957142857142824,2.4370025918437297,-2.030909090909086,-1.0999999999999943,2.385873023160416,-5.079999999999991,0.060000000000005826,0.0,-0.28999999999999915,-4.099999999999991,3.8099999999999916,0.9090909090909091,0.8181818181818182,-0.14027270470696515,-1.2698970116151473,-0.8601832242867604,1.1747808076025985,1.4838323834111211,9.0,0.19148936170212766,22.420000000000087,37.22,14.799999999999926,131.88,-0.17240634564319107,-122.2500991821289,79.69330596923828,-34.447975158691406,6.541537761688232,-50.65687942504883,-14.324875831604004,-26.446470260620117,3.5380537509918213,-18.511070251464844,-5.217223167419434,-12.687761306762695,-10.75295352935791,-12.284454345703125,50.68862533569336,17.502113342285156,22.069345474243164,14.471529006958008,16.4641170501709,12.294572830200195,12.59116268157959,11.249171257019043,10.0308198928833,9.077322959899902,8.690240859985352,9.036810874938965,7.566228866577148,call_6dfa70c50ea5,synthetic,train
0.2942317014057204,0.5336888027144939,19.0,17.0,2.5557894736842157,2.0159843247862583,5.181176470588239,3.7089873080412525,-0.270769230769239,0.8000000000000114,2.0259032611821945,-2.82000000000001,1.3720000000000014,0.0,1.0600000000000023,-1.2800000000000296,2.340000000000032,0.38461538461538464,0.38461538461538464,-1.2920645726172972,0.6726492279649658,-0.5327026611217296,7.482029061960611,0.7887912305591391,5.0,0.2631578947368421,28.399999999999835,31.299999999999926,2.900000000000091,165.04,-2.016215753498857,-175.7467041015625,59.31182098388672,-11.330619812011719,4.050018787384033,-41.776939392089844,-7.905723571777344,-20.34296989440918,-19.868616104125977,-11.649934768676758,-9.51091480255127,-3.672419786453247,-10.999809265136719,-4.606491565704346,94.1773452758789,33.00636672973633,36.70562744140625,24.522829055786133,27.473108291625977,16.219451904296875,14.68548583984375,12.037453651428223,10.08745002746582,8.857901573181152,8.718175888061523,7.557887554168701,7.210012912750244,call_6e83cb807322,human,train
0.3007086999022483,0.4375610948191596,26.0,25.0,1.8930769230769233,1.2948530336290007,2.864800000000002,3.880462982686475,1.2984615384615392,2.0600000000000023,3.073093771013796,-1.2159999999999966,4.0280000000000005,0.6153846153846154,2.4400000000000013,1.6000000000000014,0.8399999999999999,0.23076923076923078,0.23076923076923078,-1.652677319582674,2.8088308350890223,-0.6561750758597801,2.3667191346215626,0.6839938816857004,3.0,0.11538461538461539,42.83999999999995,47.43999999999993,4.59999999999998,163.68,-5.821445638980221,-118.35870361328125,71.59298706054688,-26.425334930419922,16.34513282775879,-40.87290954589844,-10.65822982788086,-36.085906982421875,-10.387275695800781,-22.172225952148438,-9.989214897155762,-13.086812973022461,-8.536703109741211,-11.82379150390625,71.73271942138672,26.644514083862305,33.13520812988281,22.48222541809082,26.26912498474121,13.18426513671875,15.392717361450195,13.336560249328613,10.146382331848145,10.164848327636719,8.831093788146973,8.726201057434082,7.987532615661621,call_70101b573bb2,synthetic,train
0.3492941176470587,0.38317647058823573,23.0,17.0,2.581739130434782,1.8628908161286948,3.831764705882357,3.014006977809399,1.6466666666666645,2.7500000000000036,2.4573336950623745,-1.3359999999999943,3.9740000000000006,0.6666666666666666,3.380000000000006,-0.5200000000000031,3.9000000000000092,0.3333333333333333,0.3333333333333333,-0.84746017012362,-0.6868025985014499,0.21548809931604201,1.492307911074941,0.7215643104473562,4.0,0.17391304347826086,45.47999999999995,49.959999999999965,4.480000000000018,170.0,-2.016215753498857,-136.35177612304688,89.1584701538086,-15.838228225708008,28.544601440429688,-30.286710739135742,3.9808106422424316,-22.507295608520508,0.5952281951904297,-13.333502769470215,-0.43798521161079407,-4.038092613220215,-3.545222282409668,-4.8957366943359375,60.508697509765625,24.129732131958008,28.253576278686523,20.273571014404297,23.604398727416992,13.689472198486328,14.404219627380371,13.141877174377441,10.356321334838867,9.623167991638184,9.623848915100098,8.503236770629883,7.677021026611328,call_70de89818ee5,synthetic,train
0.19439977296377006,0.6326742976066612,30.0,31.0,1.3700000000000088,1.2968860140094551,4.314838709677429,3.3016084750273715,-0.6705882352941277,0.0400000000000027,2.3659557715229536,-3.676000000000022,1.5040000000000027,0.0,1.1200000000000045,-1.3200000000000216,2.440000000000026,0.5294117647058824,0.47058823529411764,-1.0679141753847057,0.20457192523941492,-0.2619870229067223,3.528179654027242,0.9466321263232224,8.0,0.26666666666666666,36.559999999999405,43.69999999999959,7.140000000000185,211.42,-2.729418803901351,-178.62469482421875,43.40311813354492,-15.230204582214355,9.086101531982422,-36.57270050048828,-9.641571044921875,-33.0731315612793,-9.090486526489258,-20.352867126464844,-1.9710769653320312,-4.5453057289123535,-14.87537670135498,-2.505924701690674,94.69682312011719,31.700672149658203,40.29513931274414,21.479351043701172,25.421144485473633,13.798154830932617,16.244359970092773,11.496110916137695,9.142556190490723,8.961841583251953,8.17973804473877,7.114973545074463,7.652065277099609,call_716d56beca2a,human,train
0.24891347293559812,0.48123271434215675,12.0,19.0,2.099999999999996,1.7050513188757686,2.5642105263157866,2.0829693273873633,1.0140000000000047,1.6400000000000095,1.148008710768347,-0.6859999999999999,2.014,0.1,1.8000000000000078,0.07500000000000284,1.725000000000005,0.3,0.3,-0.8213877184291791,-1.04089144763003,-0.15286845223449907,1.1321584907654665,0.8119291990780202,3.0,0.25,27.320000000000093,29.980000000000075,2.6599999999999824,101.24,-4.359916692464292,-129.9078826904297,67.49868774414062,-23.256132125854492,16.32630729675293,-44.70741653442383,-12.098320960998535,-36.025611877441406,-10.27637004852295,-22.52061653137207,-7.812145709991455,-12.431693077087402,-8.830729484558105,-11.258581161499023,84.14152526855469,28.744827270507812,36.90990447998047,23.992847442626953,26.661983489990234,13.822809219360352,16.711618423461914,12.479449272155762,11.850996971130371,10.387260437011719,11.607978820800781,8.757604598999023,8.520493507385254,call_71fec5a6b017,synthetic,train
0.2756683456024793,0.5139480821387052,15.0,20.0,1.897333333333331,2.7838186403252307,2.6529999999999965,1.7621835886195272,-1.0107692307692273,-1.2999999999999972,1.0225944495664088,-1.4879999999999995,-0.8359999999999999,0.07692307692307693,-1.1199999999999974,-1.4199999999999875,0.29999999999999005,0.9230769230769231,0.9230769230769231,2.8314844236135577,6.794340743940607,-0.17991592791894934,1.011699226119579,1.467226970585738,12.0,0.8,21.7200000000001,32.22000000000007,10.499999999999972,103.24,-0.17240634564319107,-76.9419937133789,70.94380187988281,4.162539005279541,33.66968536376953,-32.03440856933594,6.109431743621826,-23.137710571289062,5.619314193725586,-14.226760864257812,-3.1962878704071045,-7.9480791091918945,-7.667531967163086,-11.58360481262207,96.21966552734375,30.0130558013916,41.634674072265625,23.964744567871094,26.29388427734375,18.401615142822266,20.063562393188477,12.622594833374023,14.623190879821777,12.907740592956543,11.025179862976074,10.942619323730469,9.267552375793457,call_743448b8a861,synthetic,val
0.2095315242338335,0.591872552990415,28.0,24.0,1.1085714285714319,1.298399328529757,3.653333333333336,2.147763694843753,-1.1613333333333395,-0.6599999999999966,2.0444065696974874,-4.164000000000021,0.8160000000000025,0.0,0.6399999999999864,-2.040000000000002,2.679999999999988,0.6666666666666666,0.6666666666666666,-0.9753031581849904,-0.21298623443632314,-0.3946956983563052,1.7603960114268773,1.1712365066378372,10.0,0.35714285714285715,29.41999999999983,35.47999999999992,6.0600000000000875,148.14,-0.453790909505865,-213.5684051513672,78.05818939208984,-27.999204635620117,-5.048616409301758,-30.463483810424805,-16.177032470703125,-25.977622985839844,-4.992408275604248,-24.628963470458984,-5.75560998916626,-8.148816108703613,-6.5755109786987305,-6.2096052169799805,104.85877990722656,29.040788650512695,42.381011962890625,22.697845458984375,24.079030990600586,18.301986694335938,19.500228881835938,12.879292488098145,11.984687805175781,8.961888313293457,9.76064395904541,7.446745872497559,9.06528091430664,call_74b20933dd43,human,val
0.3607630979498855,0.5499715261958994,36.0,20.0,1.4077777777777751,1.0628920482216617,3.862999999999997,3.106903764199982,-1.0759999999999976,-0.7199999999999998,2.4482832080187684,-4.151999999999999,1.484000000000003,0.06666666666666667,0.4300000000000068,-1.389999999999997,1.8200000000000038,0.7333333333333333,0.6666666666666666,-1.2109093829191024,1.0816310329692467,-0.31819851285659345,2.2753561391667447,0.7550140826519216,10.0,0.2777777777777778,12.540000000000148,30.080000000000098,17.539999999999935,140.48,-3.506464564079912,-177.94068908691406,61.55795669555664,-2.966695547103882,-5.180723190307617,-18.568504333496094,-17.257902145385742,-18.62450408935547,-12.543622016906738,-11.592265129089355,-5.747988700866699,-8.993142127990723,-8.51279354095459,-13.526206970214844,85.68199157714844,28.4329833984375,34.016395568847656,19.819116592407227,21.233051300048828,15.470487594604492,12.547771453857422,10.624650001525879,10.905936241149902,8.561249732971191,7.735353946685791,7.094467639923096,7.425553321838379,call_750153d8eb40,human,train
0.19954678752332689,0.5833111170354575,14.0,20.0,2.1385714285714257,1.9636185880113488,4.376000000000002,3.228712436870156,1.2366666666666697,2.069999999999999,1.7532224299525974,-0.2499999999999992,2.2700000000000147,0.5833333333333334,2.135000000000005,1.400000000000004,0.7350000000000012,0.16666666666666666,0.16666666666666666,-2.219221441413761,3.8419929615432737,-0.4465130049500624,1.417700076982393,0.9181917240916578,2.0,0.14285714285714285,32.579999999999984,34.47999999999999,1.9000000000000057,150.04,-0.17240634564319107,-59.82347869873047,74.1562728881836,-26.870725631713867,15.811565399169922,-45.589603424072266,-5.489742755889893,-31.82084846496582,1.0317052602767944,-15.394848823547363,-1.0744340419769287,-3.9525980949401855,-7.75793981552124,-9.653568267822266,85.3803482055664,22.939849853515625,33.56391525268555,27.65462875366211,25.18416976928711,16.366287231445312,16.140087127685547,16.723482131958008,12.791119575500488,11.731511116027832,10.294212341308594,8.880297660827637,8.464859008789062,call_7519d635bbbb,synthetic,train
0.3439587973273937,0.4316536748329626,14.0,17.0,3.529999999999995,1.5203336100061358,3.648235294117651,2.9809833263028302,2.6800000000000046,2.420000000000009,0.5833891129793712,2.1720000000000055,3.5200000000000062,1.0,2.9300000000000033,2.3400000000000025,0.5900000000000007,0.0,0.0,0.8611821630008195,-0.800556329582375,-0.18727884375371828,0.21768250476182377,0.4306894078117418,0.0,0.0,32.24000000000001,32.41999999999999,0.1799999999999784,143.68,-0.17240634564319107,-152.84039306640625,68.57205200195312,-18.19200325012207,7.198032379150391,-58.06268310546875,-16.095746994018555,-26.717763900756836,-8.514872550964355,-21.92510414123535,-15.492692947387695,-15.163786888122559,-15.39194393157959,-9.165807723999023,73.3706283569336,21.908653259277344,33.693084716796875,14.451957702636719,21.855701446533203,15.741748809814453,14.734184265136719,10.74247932434082,10.981090545654297,9.647279739379883,8.670449256896973,7.36309814453125,7.374397277832031,call_7601ac7d4fbf,synthetic,train
0.3445901639344257,0.37081967213114686,14.0,14.0,1.5014285714285691,1.0000418358595748,1.6157142857142828,1.327923805288941,0.9375000000000016,0.940000000000003,1.7508979838928358,-1.331999999999995,2.7999999999999994,0.375,2.275,-0.40499999999999936,2.6799999999999993,0.5,0.375,0.08006762516972005,-1.2945469958759355,-0.29295952337313835,1.8676245141602223,0.6660602137349775,3.0,0.21428571428571427,17.36000000000007,20.400000000000063,3.039999999999992,61.0,-2.365499148623004,-126.7134780883789,91.95144653320312,-0.6029011011123657,21.312694549560547,-31.49190902709961,-12.916555404663086,-31.1751766204834,-5.948113918304443,-23.536115646362305,-1.610825777053833,-11.614628791809082,-7.57745361328125,-7.922734260559082,99.7605972290039,32.15665817260742,30.184406280517578,25.847862243652344,20.79324722290039,14.559425354003906,15.991652488708496,14.10527229309082,11.033528327941895,10.460230827331543,9.595691680908203,8.131800651550293,8.678421020507812,call_76856257e3ef,synthetic,train
0.2777963272120215,0.6464106844741238,40.0,17.0,1.2480000000000067,1.2954829215392978,6.83294117647059,7.650525368123721,-5.1400000000000015,-2.0400000000000205,8.254419795106509,-9.571999999999992,-0.05199999999999885,0.0,-1.0,-6.459999999999994,5.459999999999994,0.9230769230769231,0.9230769230769231,-2.445009798662203,5.172643695470834,-0.9135502316647164,1.6059182477627603,1.038047211940099,12.0,0.3,13.619999999999692,28.699999999999903,15.080000000000211,179.7,-6.228770772171527,-244.07374572753906,99.86519622802734,0.8685027360916138,-6.416646957397461,-12.924102783203125,-23.11675262451172,-23.747228622436523,-8.895384788513184,-13.797396659851074,-8.469934463500977,-9.271942138671875,-11.848159790039062,-8.59874439239502,93.79656219482422,43.30031204223633,38.82912063598633,25.159128189086914,21.27349281311035,17.97049903869629,17.67163848876953,13.889673233032227,12.256620407104492,9.579171180725098,8.852313995361328,7.317911148071289,6.925512790679932,call_7744ab92baa3,human,train
0.5008340818683444,0.270627486205569,64.0,10.0,1.2196875000000027,1.363197033573557,4.217999999999998,3.027902904651999,-3.907499999999996,-3.38,2.5408057285042505,-7.071999999999996,-1.1299999999999915,0.0,-2.1049999999999933,-5.740000000000002,3.6350000000000087,1.0,1.0,-0.3430105978437175,-1.0554821086852,-0.9807593297558562,0.6502381901097927,1.1176609028590463,8.0,0.125,35.61999999999986,51.859999999999786,16.239999999999952,155.86,-0.17240634564319107,-165.75405883789062,88.69110870361328,-31.746625900268555,13.824706077575684,-41.24708557128906,-12.363228797912598,-24.302400588989258,4.7539849281311035,-17.0609073638916,-2.4353694915771484,-14.05911922454834,-6.754093647003174,-13.407431602478027,40.81769943237305,18.37192153930664,23.500019073486328,13.609977722167969,13.03192138671875,10.7620210647583,11.036896705627441,11.241485595703125,9.166239738464355,8.419941902160645,8.749396324157715,8.569021224975586,7.0110859870910645,call_794031bf2233,synthetic,train
0.28329170500854467,0.4990140659918501,15.0,22.0,2.873333333333332,3.1401288013215165,3.4509090909090943,3.0768149249905594,1.0072727272727275,1.6000000000000014,1.330571243756129,-1.1799999999999926,2.0600000000000023,0.2727272727272727,1.9899999999999913,0.240000000000002,1.7499999999999893,0.2727272727272727,0.2727272727272727,-0.9079961336599076,-0.9775621389576434,0.21006266774649002,1.320964229854405,1.0928522506596283,3.0,0.2,33.11999999999993,35.999999999999915,2.8799999999999812,152.14,-0.453790909505865,-111.89321899414062,96.70864868164062,-0.4691344201564789,22.752735137939453,-22.936918258666992,-3.7383768558502197,-29.68654441833496,0.20185086131095886,-18.971616744995117,1.3451731204986572,-6.647282600402832,-3.572451114654541,-7.441433906555176,71.46430969238281,23.23581886291504,30.041311264038086,25.42003059387207,23.112577438354492,15.637727737426758,16.237228393554688,16.168365478515625,11.477152824401855,11.774389266967773,10.646780014038086,10.496360778808594,9.734647750854492,call_7a250598cb8b,synthetic,train
0.24098961514966397,0.5310018326206474,9.0,17.0,3.506666666666666,2.740186530552658,4.090588235294116,2.679895675292196,1.8650000000000009,1.8800000000000026,0.17825543469975647,1.6660000000000035,2.0999999999999965,0.25,1.9799999999999969,1.7500000000000004,0.22999999999999643,0.0,0.0,-0.2681377446284984,-0.7898809055855467,0.07302198524221193,0.09557932150358019,0.7814220141933184,0.0,0.0,29.860000000000042,29.860000000000028,0.0,130.96,-0.17240634564319107,-122.27218627929688,88.37225341796875,-14.005146026611328,1.6075886487960815,-47.96406936645508,-6.485756874084473,-18.011552810668945,5.03872537612915,-15.06228256225586,-3.0856611728668213,-6.788630485534668,-12.139431953430176,-3.3826069831848145,70.10469818115234,26.699296951293945,26.6612606048584,14.842808723449707,24.622209548950195,15.534078598022461,15.76804256439209,12.002223014831543,11.26196575164795,8.118094444274902,8.84946346282959,6.64609432220459,7.40166711807251,call_7a345e2b0f37,synthetic,train
0.2668643439584886,0.42434725310930005,28.0,23.0,2.3142857142857216,1.659447904255744,4.48000000000001,4.422440797647343,2.383999999999991,3.4799999999999613,2.666465325732425,-1.0559999999999974,5.1640000000000015,0.6666666666666666,4.370000000000001,-0.3100000000000307,4.680000000000032,0.3333333333333333,0.26666666666666666,-0.6666303193172356,-0.9900423898712969,0.4422498903058104,1.1184837771031675,0.7170453904179539,4.0,0.14285714285714285,74.97999999999956,79.17999999999958,4.200000000000017,242.82,-0.17240634564319107,-133.27976989746094,99.83442687988281,31.45517349243164,39.87398910522461,-22.987503051757812,-6.160151481628418,-24.387134552001953,-9.749813079833984,-9.705012321472168,-2.1326661109924316,-5.072822093963623,-2.1742639541625977,-9.422613143920898,86.80377960205078,27.718603134155273,25.476423263549805,24.635591506958008,16.829553604125977,14.921133995056152,12.821032524108887,14.276895523071289,12.306989669799805,8.936466217041016,10.484603881835938,7.5922675132751465,7.819093704223633,call_7ae75e4aa32f,synthetic,train
0.48793832380004826,0.13280278537677195,37.0,3.0,1.0605405405405373,0.896630165543113,3.56,0.3840138886377247,-2.8999999999999986,-2.8999999999999986,0.060000000000002274,-2.9480000000000004,-2.8519999999999968,0.0,-2.8699999999999974,-2.9299999999999997,0.060000000000002274,1.0,1.0,0.0,0.0,0.0,0.02068965516528022,0.8454463836343977,2.0,0.05405405405405406,30.50000000000012,36.140000000000114,5.6399999999999935,80.42,-0.17240634564319107,-157.11402893066406,80.56425476074219,-39.223907470703125,12.901877403259277,-43.42729949951172,-12.601295471191406,-23.940053939819336,6.859790325164795,-15.236623764038086,-1.6799447536468506,-12.66657829284668,-6.207396030426025,-13.370224952697754,48.74604797363281,14.932610511779785,20.864187240600586,14.125399589538574,11.64702033996582,11.339468002319336,12.670088768005371,11.052478790283203,9.68352222442627,8.884843826293945,8.77404499053955,8.869136810302734,7.667620658874512,call_7b14e69a57bd,synthetic,train
0.19047619047619033,0.5467372134038797,11.0,19.0,2.1599999999999984,1.2280953472015863,3.5894736842105233,3.468598190508988,1.3800000000000028,2.170000000000009,3.4084894014797813,-1.573999999999998,4.249999999999999,0.625,2.975,1.660000000000001,1.314999999999999,0.125,0.125,-1.8049888269272376,2.05824721266358,-0.473803553420401,2.4699198543549667,0.5685626604782521,1.0,0.09090909090909091,32.78000000000007,35.02000000000004,2.2399999999999665,124.74,-0.17240634564319107,-106.39112854003906,73.25828552246094,7.374738693237305,34.620845794677734,-37.556854248046875,1.3706190586090088,-19.614356994628906,3.3994059562683105,-11.137910842895508,0.5506681799888611,-6.275089263916016,-4.659905433654785,-15.652271270751953,97.9175033569336,29.771005630493164,36.10502624511719,27.26506233215332,25.26177978515625,18.038314819335938,17.303220748901367,14.166194915771484,12.919646263122559,12.584810256958008,11.184534072875977,10.120894432067871,10.799566268920898,call_7b1e73c133f8,synthetic,val
0.27014290057768314,0.5034965034965028,11.0,23.0,3.23090909090909,1.8790396703222159,2.879999999999996,2.3414005470527943,1.8925000000000052,1.7700000000000102,0.3695859169394842,1.5100000000000058,2.480000000000004,0.25,2.0900000000000003,1.6600000000000037,0.4299999999999966,0.0,0.0,0.6386843206104168,-1.0059441564928333,-0.34745872227338853,0.19528978427698462,0.5815823400998023,0.0,0.0,29.7800000000001,29.7800000000001,0.0,131.56,-0.17240634564319107,-139.61404418945312,89.84379577636719,-4.214975357055664,24.944896697998047,-30.955692291259766,-9.955777168273926,-26.512041091918945,-1.6536945104599,-22.93994903564453,0.06849031150341034,-6.507853984832764,-7.118677616119385,-9.314388275146484,111.98763275146484,30.283214569091797,30.36224937438965,26.18365478515625,23.46295928955078,14.620237350463867,16.303525924682617,16.029388427734375,11.063058853149414,10.506478309631348,10.533649444580078,9.662911415100098,9.743132591247559,call_7d4f3b80384e,synthetic,train
0.24750312109862643,0.5209113607990011,11.0,17.0,2.8836363636363602,1.5951931927870215,3.9270588235294106,2.520802310903699,2.385714285714289,2.3999999999999986,0.17491688988587492,2.2120000000000006,2.5680000000000036,1.0,2.4500000000000006,2.3100000000000023,0.13999999999999835,0.0,0.0,0.06511052904588313,-0.15468797873270956,-0.1380896195853288,0.0733184568076583,0.5531880553143818,0.0,0.0,29.680000000000064,29.680000000000064,0.0,128.16,-0.17240634564319107,-141.39784240722656,66.70712280273438,-21.428651809692383,5.920379161834717,-59.01025390625,-14.206615447998047,-25.566335678100586,-8.194024085998535,-22.32428550720215,-14.13570499420166,-16.083763122558594,-15.151087760925293,-7.6498260498046875,75.32401275634766,20.11505126953125,34.01740264892578,15.974417686462402,22.853139877319336,13.5678129196167,14.78162670135498,10.063732147216797,11.126439094543457,9.24305534362793,8.706998825073242,8.255924224853516,7.858373641967773,call_7d5b26105bb5,synthetic,train
0.2289477810882854,0.5225027442371017,19.0,17.0,1.5368421052631538,1.4177114717651524,3.9199999999999977,4.538644524265707,0.20833333333333645,1.1000000000000014,1.7863082662917447,-2.5419999999999967,1.388000000000005,0.0,1.220000000000002,0.26000000000000256,0.9599999999999994,0.25,0.25,-1.3884751412535499,0.3830209237670039,-0.5978307938677255,8.574279637043704,0.922483491301739,3.0,0.15789473684210525,31.70000000000013,33.46000000000011,1.7599999999999767,127.54,-0.17240634564319107,-136.6106719970703,42.5533447265625,-35.69236755371094,-15.861183166503906,-31.043127059936523,1.762121319770813,-24.85968780517578,-0.5723837614059448,-19.46145248413086,-2.2051377296447754,-12.06838321685791,-8.49410343170166,-7.001025199890137,111.03351593017578,36.16278076171875,43.825321197509766,21.680248260498047,29.171592712402344,15.46628475189209,17.950119018554688,11.227547645568848,12.082242012023926,8.87789535522461,8.901859283447266,9.435683250427246,10.475046157836914,call_7f82debeb19b,human,train
0.17958067456700078,0.5921343924990237,8.0,24.0,3.4474999999999976,2.1987254830924217,3.789166666666669,2.4956093388634057,2.1425000000000027,2.010000000000001,0.2669152487213875,1.9200000000000017,2.578000000000003,0.5,2.245000000000001,1.9500000000000064,0.2949999999999946,0.0,0.0,0.9781559709551904,-0.8077263569807007,0.024166119759912664,0.12458121288065621,0.6377738890368816,0.0,0.0,35.059999999999974,36.059999999999974,1.0,153.58,-0.17240634564319107,-107.81855773925781,105.38542175292969,24.79239273071289,32.43453598022461,-15.186121940612793,-6.360137462615967,-23.25697898864746,-10.314212799072266,-13.68205451965332,-4.575247287750244,-3.374858856201172,-2.559910297393799,-11.567625045776367,102.60746765136719,28.567241668701172,27.197307586669922,24.90493392944336,16.30059051513672,14.27119255065918,14.202130317687988,12.892820358276367,12.865438461303711,9.892236709594727,10.62591552734375,8.527324676513672,8.385141372680664,call_802282383eb2,synthetic,train
0.29917444364680507,0.4633883704235461,16.0,17.0,2.083749999999997,1.7655058588121428,3.0376470588235276,2.2844526424140494,0.668888888888892,2.0999999999999943,2.47880098454629,-2.6439999999999966,2.464000000000003,0.5555555555555556,2.2800000000000153,-1.0799999999999983,3.3600000000000136,0.3333333333333333,0.3333333333333333,-1.0438470090842304,-0.3898514242152209,-0.022009723295659325,3.70584864245247,0.8472733571517082,3.0,0.1875,26.460000000000065,28.92000000000006,2.4599999999999937,111.44,-0.17240634564319107,-90.23255157470703,83.79244995117188,-1.652087926864624,31.915441513061523,-30.051021575927734,4.778525352478027,-16.333534240722656,6.004582405090332,-9.36184310913086,-2.0494399070739746,-7.098578453063965,-4.410301685333252,-13.016841888427734,78.03551483154297,29.280302047729492,34.70297622680664,23.93482780456543,25.213825225830078,16.559572219848633,16.27201271057129,14.946349143981934,12.045841217041016,12.502114295959473,12.177656173706055,9.777031898498535,9.57206916809082,call_810c24005ecc,synthetic,val
0.18796992481202954,0.5645235537824149,15.0,18.0,1.6333333333333286,1.196454020103666,4.087777777777776,2.8108609901901676,1.1420000000000026,2.1700000000000013,2.0689601252803302,-1.4999999999999967,2.826000000000002,0.7,2.354999999999997,-0.4099999999999948,2.7649999999999917,0.3,0.3,-0.9694370410969446,-0.6396610004352237,-0.2995387116501544,1.8116988821966957,0.7325228690027428,3.0,0.2,32.260000000000105,35.120000000000076,2.859999999999985,130.34,-2.016215753498857,-147.73878479003906,66.99785614013672,-18.538772583007812,-1.5760976076126099,-57.41304397583008,-13.483074188232422,-35.10157775878906,1.0462030172348022,-23.85399055480957,-2.549116611480713,-18.11562156677246,-14.905519485473633,-13.940047264099121,59.977046966552734,22.993389129638672,36.436065673828125,14.506685256958008,23.805368423461914,13.093867301940918,16.057331085205078,10.022432327270508,11.627193450927734,10.04990291595459,7.128451347351074,7.068749904632568,6.534885883331299,call_810e3066a7b4,synthetic,val
0.22854109796784927,0.5417045799211397,19.0,23.0,1.5863157894736821,1.5078887664068448,3.1060869565217355,3.3572008774526734,0.28153846153846496,0.5200000000000031,1.6470105606772059,-1.5519999999999954,1.8680000000000048,0.07692307692307693,1.6599999999999824,-1.2399999999999949,2.8999999999999773,0.46153846153846156,0.46153846153846156,-0.029272031550043986,-1.5400281577287922,0.12000377407819288,5.850037489823204,0.9505602701947393,6.0,0.3157894736842105,30.300000000000125,36.5800000000001,6.279999999999973,131.88,-0.17240634564319107,-111.48946380615234,93.2208251953125,7.841211795806885,20.04677391052246,-57.898643493652344,-19.45703887939453,-34.828067779541016,-2.3548948764801025,-1.7949943542480469,-5.455522537231445,0.7429596781730652,-14.081558227539062,-10.099760055541992,89.82591247558594,20.48137664794922,28.089536666870117,17.544912338256836,24.853759765625,16.0174560546875,18.60710906982422,15.900280952453613,10.6656494140625,11.002202033996582,8.0889892578125,8.967276573181152,8.315840721130371,call_81b12145be34,synthetic,train
0.2590925245823956,0.5493424949650518,15.0,22.0,2.9160000000000017,1.6644710871625263,4.215454545454548,3.303001014604649,1.5819999999999994,1.4100000000000037,0.8467561632489043,0.8379999999999775,2.3640000000000025,0.2,1.5400000000000047,1.0450000000000017,0.495000000000003,0.0,0.0,1.7493659374628212,2.2386979955608206,-0.4428572091679001,0.5352440977962456,0.5708062711219887,0.0,0.0,32.33999999999992,34.219999999999914,1.8799999999999955,168.82,-2.365499148623004,-162.33445739746094,60.335662841796875,8.251667976379395,-16.709985733032227,-33.94832229614258,-21.269939422607422,-27.751440048217773,-11.108150482177734,-22.94929313659668,0.4247146546840668,-7.164642333984375,-5.556758880615234,-7.310059070587158,94.4213638305664,41.138214111328125,41.82109069824219,30.403215408325195,23.88242530822754,13.937576293945312,15.079848289489746,13.700094223022461,11.044093132019043,10.134405136108398,9.043882369995117,8.664270401000977,7.998741149902344,call_81b98c77cf99,human,train
0.2632263660017344,0.5265972824515754,15.0,16.0,2.427999999999998,1.5741207069345085,4.553749999999999,3.5603491314055162,2.444444444444446,2.7200000000000024,0.934845336122044,1.3880000000000026,3.2799999999999985,0.7777777777777778,2.839999999999999,2.220000000000006,0.619999999999993,0.1111111111111111,0.0,-1.032267824406735,0.6121185195462755,0.07279458922054219,0.38243672825711184,0.6483198955050204,0.0,0.0,29.080000000000055,31.94000000000004,2.859999999999985,138.36,-0.17240634564319107,-163.47593688964844,68.9786148071289,-19.142732620239258,4.488080024719238,-55.39542770385742,-14.53420352935791,-27.995750427246094,-7.930552005767822,-23.53191375732422,-13.943700790405273,-15.069520950317383,-15.285317420959473,-8.842275619506836,82.14213562011719,22.734447479248047,34.82130432128906,16.287084579467773,23.796724319458008,14.067254066467285,15.912178039550781,10.611518859863281,11.35969352722168,9.355240821838379,7.9437575340271,7.526760101318359,7.249820232391357,call_850d796d23a7,synthetic,train
0.387647831800263,0.42145502329470863,17.0,20.0,3.8176470588235314,4.153421735235499,3.528000000000006,2.7314128212337336,1.0949999999999942,1.7999999999999936,1.6334855371260502,-0.8259999999999962,2.663999999999964,0.3333333333333333,2.099999999999997,0.14000000000000234,1.9599999999999946,0.25,0.25,-1.1725864020984769,0.3638911917910925,-0.04279366821265158,1.4917676124514074,1.0879533047844105,3.0,0.17647058823529413,31.959999999999837,34.75999999999985,2.8000000000000114,167.42,-0.17240634564319107,-114.87804412841797,103.81756591796875,24.844120025634766,34.46510314941406,-15.989818572998047,-7.90990686416626,-22.121952056884766,-8.85889720916748,-11.14403247833252,-4.675013542175293,-3.9071967601776123,-4.260068893432617,-12.522913932800293,97.90821075439453,27.569337844848633,26.83394432067871,24.508581161499023,18.719942092895508,16.143712997436523,15.473442077636719,16.981021881103516,12.851465225219727,9.754410743713379,10.73892879486084,8.347122192382812,8.6237211227417,call_8570ae0e7d61,synthetic,train
0.24525639015210873,0.5330092519993723,12.0,18.0,2.6066666666666625,1.1842109421701668,3.7766666666666637,2.5376476421196767,0.5800000000000031,1.0800000000000054,1.783607900536758,-0.9559999999999971,1.720000000000005,0.14285714285714285,1.110000000000002,0.8500000000000014,0.2600000000000007,0.14285714285714285,0.14285714285714285,-1.5609205744597392,1.394525693631702,-0.7106109952267621,3.0751860301061424,0.45430087278102343,1.0,0.08333333333333333,28.280000000000115,28.580000000000112,0.29999999999999716,127.54,-4.820299282583858,-175.9968719482422,91.30364990234375,9.390342712402344,-8.351663589477539,-50.36149597167969,-24.496450424194336,-24.537025451660156,-12.158431053161621,-18.253971099853516,-1.9362196922302246,-10.566774368286133,-7.767108917236328,-11.64476203918457,73.80313110351562,25.35276985168457,34.79851150512695,17.19718360900879,19.947389602661133,16.64208984375,15.586182594299316,9.70693302154541,8.102603912353516,8.594867706298828,9.590405464172363,8.013199806213379,7.363974094390869,call_8834a90f11cd,human,train
0.3545929968167353,0.5193269668030928,8.0,17.0,7.797500000000008,5.645630500661547,5.374117647058828,4.1959519130642375,0.4171428571428513,1.6400000000000006,2.428766378729946,-2.652000000000012,2.0239999999999925,0.14285714285714285,1.8599999999999994,0.17999999999998906,1.6800000000000104,0.2857142857142857,0.2857142857142857,-1.4580427711276214,0.5948812281535041,-0.028108123264689876,5.822385140531905,0.7240308432109663,2.0,0.25,22.179999999999865,23.57999999999987,1.4000000000000057,175.92,-0.17240634564319107,-43.71361541748047,34.913814544677734,-23.53193473815918,-2.0482263565063477,-57.432884216308594,-5.275241374969482,-39.25436782836914,3.7254271507263184,-32.28299331665039,1.5290557146072388,-20.25571632385254,-4.541207790374756,-12.29156494140625,88.6435546875,27.015308380126953,39.61791229248047,18.727703094482422,25.937881469726562,14.560039520263672,18.410934448242188,12.176102638244629,13.191320419311523,10.531723022460938,10.747152328491211,11.567906379699707,11.541003227233887,call_8893de2fe204,synthetic,train
0.23922643520633427,0.5095172833866297,10.0,18.0,3.1419999999999946,2.6061381390862635,3.7177777777777745,2.3748112335639924,1.7885714285714336,2.460000000000008,2.7242164198243906,-2.0839999999999974,4.304000000000001,0.7142857142857143,3.960000000000002,0.5300000000000082,3.429999999999994,0.2857142857142857,0.2857142857142857,-0.8424959366975602,-0.8377972707635322,0.41781411198418256,1.5231241955358474,0.82945198544138,2.0,0.2,33.000000000000114,34.42000000000009,1.4199999999999733,131.34,-0.17240634564319107,-110.8197021484375,106.1347885131836,24.272035598754883,33.775848388671875,-14.05020809173584,-7.550901889801025,-22.943233489990234,-10.312485694885254,-10.892776489257812,-6.104612350463867,-4.150007247924805,-1.3042449951171875,-12.577971458435059,97.8458480834961,27.588186264038086,27.81076431274414,21.959341049194336,17.816360473632812,14.508026123046875,14.765146255493164,14.26462459564209,13.423619270324707,9.91209602355957,11.019185066223145,8.666620254516602,7.661656379699707,call_88cd54e1e505,synthetic,train
0.3595395198652251,0.4951565351677663,8.0,14.0,6.402499999999996,6.947117657705245,5.038571428571428,4.066029753848795,1.2550000000000021,1.8700000000000023,1.3048275748159166,-0.9159999999999912,2.1820000000000057,0.375,2.124999999999984,1.0850000000000062,1.0399999999999778,0.25,0.25,-1.105316860580112,-0.666867617994932,0.6395025210344143,1.0397032460368216,1.0850632810027623,2.0,0.25,20.700000000000045,22.380000000000024,1.6799999999999784,142.46,-0.17240634564319107,-104.26100158691406,86.48511505126953,6.997819900512695,22.15531349182129,-61.102752685546875,-20.50649070739746,-32.76441955566406,0.5748844146728516,-5.402265548706055,-3.2087552547454834,-0.08904663473367691,-17.650964736938477,-11.735998153686523,87.00021362304688,19.904766082763672,27.38884925842285,16.272022247314453,22.711387634277344,15.44472599029541,18.885011672973633,17.02899932861328,11.317534446716309,10.304850578308105,8.654019355773926,9.718705177307129,6.823238372802734,call_88d7858b7921,synthetic,train
0.2349168956942809,0.5719146708546,18.0,18.0,1.9944444444444447,1.5708993256596784,4.855555555555554,4.139428600157576,-1.2327272727272751,0.7000000000000028,5.15618796982474,-1.259999999999998,1.459999999999999,0.0,0.9799999999999827,-1.149999999999995,2.1299999999999777,0.36363636363636365,0.36363636363636365,-2.651559359284742,5.429837593658954,-0.8261869493645895,4.182748349709572,0.7876375445040872,4.0,0.2222222222222222,29.52000000000001,33.439999999999955,3.919999999999945,152.82,-0.17240634564319107,-114.23937225341797,89.8582992553711,-8.543464660644531,-25.85349464416504,-47.423187255859375,-19.37179946899414,-28.09491539001465,-4.768795967102051,-18.795917510986328,-0.4122902452945709,-14.061986923217773,-3.4648425579071045,-8.673514366149902,84.48213958740234,26.230079650878906,37.286956787109375,23.21010971069336,22.84156608581543,14.836050033569336,16.00725746154785,11.520997047424316,10.935802459716797,8.998550415039062,8.419571876525879,7.720653533935547,7.2204365730285645,call_893d552b156a,human,train
0.30679811653914024,0.5138316656856973,15.0,15.0,2.779999999999996,2.0990537550683777,4.655999999999997,2.9193990249136292,0.3622222222222224,1.1800000000000068,1.2573850977129581,-1.3759999999999941,1.428000000000008,0.0,1.3200000000000074,-0.22000000000002728,1.5400000000000347,0.4444444444444444,0.3333333333333333,-0.8217094154116019,-0.6962349654050985,-0.13116878813358188,3.47130854238492,0.7550553073069516,3.0,0.2,24.38000000000008,26.400000000000105,2.0200000000000244,135.92,-0.17240634564319107,-123.60528564453125,72.56544494628906,-6.786643028259277,-29.519189834594727,-45.044395446777344,-6.4425530433654785,-23.706226348876953,-1.1312963962554932,-14.428750038146973,-2.816410779953003,-8.226717948913574,-11.697197914123535,-8.113121032714844,77.33203887939453,29.318361282348633,43.372764587402344,19.83743667602539,23.264442443847656,14.341801643371582,15.682827949523926,10.47228717803955,9.936502456665039,7.379927635192871,7.949652194976807,7.527963638305664,7.040615558624268,call_8a3996f823e4,human,train
0.32694833625219016,0.47548161120840793,17.0,29.0,3.5141176470588347,4.059340802502912,2.9958620689655273,3.1212436924840663,0.5771428571428446,-0.8200000000000216,2.2792211344211135,-1.3680000000000063,3.476,0.35714285714285715,3.3249999999999993,-1.2800000000000011,4.605,0.6428571428571429,0.6428571428571429,0.5993513971895679,-1.5166323979926517,0.5769222710447948,3.94914552309508,1.1551522200018696,9.0,0.5294117647058824,36.09999999999951,45.39999999999972,9.30000000000021,182.72,-0.17240634564319107,-42.57281494140625,35.30003356933594,-21.864728927612305,-0.24203263223171234,-56.72785568237305,-5.575109481811523,-40.20304870605469,4.801817417144775,-32.23301696777344,1.1630648374557495,-18.734291076660156,-4.2589592933654785,-10.769073486328125,81.32106018066406,27.71274185180664,36.77257537841797,19.5074462890625,24.78668212890625,14.84731388092041,18.21181297302246,11.515563011169434,12.544466972351074,11.525528907775879,11.167130470275879,11.739659309387207,13.296125411987305,call_8a570a10920b,synthetic,train
0.22393025123322272,0.5470918894114957,36.0,29.0,1.0844444444444459,0.9355344415669737,3.288965517241385,2.0655972582509134,-0.6750000000000019,-1.190000000000003,2.4097458372201817,-3.189999999999999,1.990000000000002,0.125,0.954999999999977,-1.9249999999999967,2.8799999999999737,0.5625,0.5625,-0.21959149996861949,-0.18738717477969757,-0.46795980041884144,3.5699938276298977,0.8626854473707565,9.0,0.25,39.91999999999979,47.199999999999775,7.2799999999999585,174.34,-2.365499148623004,-233.14292907714844,67.68348693847656,-17.1021671295166,9.555058479309082,-33.82422637939453,-18.632997512817383,-26.349519729614258,-10.08833122253418,-10.070000648498535,-7.12485408782959,-9.463604927062988,-5.285931587219238,-13.043009757995605,136.26824951171875,40.35469055175781,40.83306121826172,30.692285537719727,31.00452423095703,16.852231979370117,13.693973541259766,15.555451393127441,13.441883087158203,10.446271896362305,10.415029525756836,9.21803092956543,10.229710578918457,call_8a61615c9927,human,train
0.29808841099163674,0.5955794504181601,16.0,25.0,2.494999999999999,2.383720830969936,3.1903999999999995,3.147810006973101,-1.8079999999999994,-1.139999999999998,3.3266583834232195,-3.7619999999999973,0.9739999999999949,0.0,-0.6250000000000036,-1.2849999999999966,0.659999999999993,0.8,0.8,-2.065698896649828,3.3887272066072356,-0.8686085082397577,1.8399659190172868,0.9553991302663476,8.0,0.5,14.240000000000009,24.019999999999996,9.779999999999987,133.92,-0.17240634564319107,-140.40802001953125,44.70330810546875,-24.677228927612305,-2.830629348754883,-31.72370719909668,-12.00639820098877,-22.736064910888672,-8.104595184326172,-14.24364948272705,-3.1804542541503906,-8.373677253723145,-9.035927772521973,-5.972010135650635,102.56027221679688,34.20397186279297,50.617252349853516,30.301918029785156,28.217788696289062,16.73806381225586,16.934385299682617,13.230381965637207,11.915228843688965,9.219523429870605,8.492969512939453,7.14170503616333,6.748323440551758,call_8a9391c1823b,human,train
0.2518696204317762,0.4707210385212359,16.0,22.0,2.2312499999999975,1.7286840189866965,3.032727272727272,2.3829358931944404,2.261818181818184,2.299999999999983,0.9450908391339312,2.0600000000000023,3.220000000000013,0.9090909090909091,2.8100000000000067,2.0900000000000034,0.7200000000000033,0.09090909090909091,0.09090909090909091,-1.7110455353620544,2.8309717934089456,0.1943531831286749,0.41784562804971587,0.774760344296667,1.0,0.0625,39.320000000000064,40.66000000000004,1.339999999999975,141.74,-0.17240634564319107,-164.19888305664062,73.00286102294922,-7.310120105743408,4.626017093658447,-52.12080764770508,-11.652520179748535,-26.769136428833008,-8.76930046081543,-21.439708709716797,-13.736248970031738,-15.662650108337402,-14.355351448059082,-7.613338947296143,90.19742584228516,25.411590576171875,35.76954650878906,14.321718215942383,27.25210189819336,15.628162384033203,16.318359375,9.572405815124512,12.092482566833496,8.74870491027832,8.65932846069336,8.24856185913086,7.596669673919678,call_8ade6f74aa33,synthetic,train
0.1875311100049776,0.5197859631657541,14.0,17.0,2.152857142857143,1.6848502628314672,4.9141176470588235,3.4559259571717265,2.879999999999999,3.5600000000000094,2.321149140691591,1.2200000000000033,4.528000000000001,0.8888888888888888,4.2999999999999545,2.6400000000000006,1.659999999999954,0.1111111111111111,0.1111111111111111,-1.9007666936531433,2.5642566123501176,0.01954276091648104,0.8059545624602906,0.7826112696975441,1.0,0.07142857142857142,47.040000000000006,48.52000000000001,1.480000000000004,160.72,-0.17240634564319107,-136.94012451171875,96.4675064086914,28.82862091064453,36.354408264160156,-22.605236053466797,-5.6076812744140625,-25.36513900756836,-6.154147148132324,-7.903731346130371,-1.4928637742996216,-3.741262435913086,-1.4417719841003418,-8.976091384887695,100.23829650878906,30.89581298828125,25.983352661132812,25.863204956054688,16.891674041748047,13.955329895019531,12.382219314575195,15.51664924621582,12.841642379760742,9.760623931884766,9.554585456848145,8.595056533813477,8.210245132446289,call_8ae3fce602f3,synthetic,train
0.327269948028126,0.45704677468663957,11.0,17.0,3.8927272727272735,2.5581992633636608,3.517647058823525,2.714578354024509,1.9888888888888918,2.020000000000003,0.37760780489946005,1.4560000000000006,2.4720000000000026,0.5555555555555556,2.0799999999999983,1.8400000000000034,0.23999999999999488,0.0,0.0,0.19440476565458714,-0.6375578272694535,0.08367623386593255,0.18985867275901716,0.6571740282524836,0.0,0.0,28.22000000000007,29.080000000000055,0.8599999999999852,130.84,-0.17240634564319107,-120.64073944091797,74.98082733154297,-19.794771194458008,-11.232281684875488,-50.837005615234375,-6.0233988761901855,-25.352798461914062,-5.645402431488037,-23.14118766784668,-5.0339202880859375,-16.050048828125,-7.721746921539307,-14.290919303894043,76.82775115966797,25.948749542236328,35.98102951049805,15.715676307678223,24.962860107421875,15.656575202941895,18.77284049987793,11.099672317504883,12.908685684204102,9.406844139099121,9.869264602661133,8.137407302856445,8.13044548034668,call_8c2ebe3761bb,synthetic,train
0.4244432661717923,0.3707582184517508,12.0,21.0,5.336666666666669,3.6566271647820763,2.663809523809531,2.0356874963428058,1.9199999999999975,2.5199999999999996,1.406591625170574,0.8299999999999992,2.6060000000000056,0.75,2.585000000000001,2.2399999999999807,0.3450000000000202,0.125,0.125,-2.1732206494222464,2.8862588443661625,0.10736319587709751,0.7325998043947791,0.6851893499244632,1.0,0.08333333333333333,30.89999999999982,31.819999999999823,0.9199999999999875,150.88,-0.17240634564319107,-259.1446533203125,104.98816680908203,5.750301361083984,0.43544888496398926,-33.39845657348633,-8.320489883422852,-20.236583709716797,-5.9727911949157715,-23.664907455444336,-4.41353702545166,-18.386972427368164,-5.418859004974365,-13.619319915771484,66.63059997558594,27.5693359375,33.28815460205078,21.207067489624023,18.673749923706055,14.468424797058105,14.254164695739746,11.356534004211426,9.413509368896484,9.54157543182373,8.468433380126953,8.906697273254395,7.046080589294434,call_8c6b33721067,synthetic,train
0.27581104154809366,0.517017643710872,12.0,20.0,4.0383333333333375,3.9748749106802754,4.5420000000000105,2.8485076794700714,1.325999999999994,1.829999999999984,2.239750879004177,0.8560000000000061,2.4999999999999987,0.4,2.4099999999999984,1.7100000000000044,0.699999999999994,0.1,0.1,-2.528833979500623,4.69074257591581,-0.14370589621264596,1.6891032257278156,0.9842859867179493,1.0,0.08333333333333333,36.39999999999975,37.479999999999734,1.079999999999984,175.7,-0.17240634564319107,-71.01798248291016,78.62566375732422,-1.0350669622421265,32.810359954833984,-32.31892395019531,2.6608266830444336,-21.28277015686035,6.618741989135742,-14.010891914367676,-3.025689125061035,-7.000344753265381,-8.414463996887207,-12.368616104125977,87.154296875,26.455331802368164,37.94782638549805,23.332265853881836,25.73305892944336,15.755176544189453,18.37395477294922,14.948575019836426,12.282623291015625,13.752669334411621,11.528721809387207,10.785775184631348,8.889867782592773,call_8cafd2754e55,synthetic,val
0.2025110782865585,0.4968980797636629,16.0,21.0,1.7137500000000014,1.0528940770561868,3.2038095238095217,2.771594824010307,3.2375000000000025,3.6600000000000037,1.8396314168876307,1.6660000000000041,4.822,0.875,4.405000000000001,2.9349999999999987,1.4700000000000024,0.125,0.125,-1.6325462786534521,1.6285794083132465,0.20845465490838713,0.5682259200986574,0.6143802050718049,1.0,0.0625,40.70000000000002,42.160000000000025,1.460000000000008,135.4,-0.17240634564319107,-137.21864318847656,99.38882446289062,28.12592124938965,36.400691986083984,-25.17738914489746,-6.87905216217041,-25.121919631958008,-10.023274421691895,-6.938786506652832,-3.046192169189453,-4.668254852294922,-1.6211652755737305,-9.718791007995605,97.4059066772461,28.05904769897461,24.151992797851562,25.597749710083008,18.41423797607422,13.646503448486328,14.081069946289062,14.671525001525879,13.549955368041992,8.923364639282227,9.020479202270508,8.535318374633789,7.908056259155273,call_8d3ea77f4bb4,synthetic,train
0.2123693871787634,0.5739903981926009,16.0,23.0,1.880000000000003,1.461403435058229,3.5347826086956515,2.49944144989169,0.49599999999999744,0.8799999999999848,1.2961419675328785,0.2599999999999967,1.0820000000000054,0.0,0.9450000000000065,0.7099999999999973,0.2350000000000092,0.1,0.1,-2.528286279310527,4.710422297321718,-0.42729356810257196,2.6131894454026123,0.7773422522770661,1.0,0.0625,30.259999999999962,31.559999999999945,1.299999999999983,141.64,-1.0454779796103157,-195.23284912109375,95.33747863769531,-4.604475498199463,-30.985942840576172,-34.927127838134766,-13.967917442321777,-38.70981979370117,-8.097047805786133,-18.290008544921875,-2.3118503093719482,-5.982633113861084,-5.850625991821289,-9.126551628112793,75.47013092041016,25.710861206054688,35.90331268310547,16.186975479125977,20.0987491607666,13.221531867980957,14.279863357543945,10.03836441040039,8.648149490356445,8.385714530944824,8.590612411499023,7.203357696533203,6.690802574157715,call_8d6cd93e02b8,human,train
0.2847196775375596,0.5401245877610853,13.0,22.0,3.586153846153847,3.1393226571287838,4.020000000000005,3.4184366442730956,0.9799999999999973,1.970000000000006,1.7372583764848137,-1.313999999999997,2.8239999999999994,0.5,2.3949999999999676,-0.8549999999999991,3.2499999999999667,0.4166666666666667,0.4166666666666667,-0.32334231331387797,-1.7018908086977673,0.30446271989810697,1.7727126272572509,0.8754009980972537,5.0,0.38461538461538464,28.679999999999893,33.53999999999991,4.860000000000014,163.74,-0.17240634564319107,-70.87022399902344,77.48628234863281,-1.7209476232528687,28.064725875854492,-35.07298278808594,1.7986953258514404,-25.05180549621582,1.3825839757919312,-11.665708541870117,-2.693635940551758,-7.15449857711792,-7.500208854675293,-13.404582023620605,96.29360961914062,30.739389419555664,37.588863372802734,25.83497428894043,25.407724380493164,16.84724998474121,16.40253257751465,14.880146026611328,12.743597030639648,12.354044914245605,11.343441009521484,10.292912483215332,9.786178588867188,call_8d75a71e6126,synthetic,val
0.16461305663640294,0.6332684824902733,14.0,25.0,2.1757142857142857,1.7731034708576243,4.687200000000007,3.8523172455030283,0.3266666666666644,1.04999999999999,1.8177886443576303,-1.5599999999999985,1.6960000000000022,0.08333333333333333,1.285000000000002,-1.0200000000000042,2.305000000000006,0.3333333333333333,0.3333333333333333,-0.7830774605671516,0.03787048561750206,-0.10641207000186194,5.564659098345869,0.8149523499867829,4.0,0.2857142857142857,37.39999999999981,39.29999999999984,1.9000000000000057,185.04,-4.820299282583858,-190.6136474609375,72.91822814941406,2.920823097229004,-11.718746185302734,-42.82914352416992,-12.60278606414795,-14.13451862335205,-11.964695930480957,-26.521808624267578,-1.9419208765029907,-11.8473482131958,-12.597908973693848,-8.10241413116455,82.26185607910156,26.31403160095215,35.59273147583008,18.753671646118164,20.849815368652344,14.571484565734863,15.457239151000977,11.082520484924316,9.533378601074219,10.239901542663574,8.502847671508789,7.9274516105651855,6.71267557144165,call_8da8b9947630,human,val
0.24026782933665508,0.5284957957022729,10.0,24.0,3.0859999999999976,2.4932557028913025,2.82833333333333,1.8886584009702645,1.8844444444444468,2.0600000000000005,0.7574094901719068,1.4640000000000086,2.372,0.6666666666666666,2.240000000000009,1.9399999999999977,0.30000000000001137,0.1111111111111111,0.1111111111111111,-2.2241514104107862,3.4300341907029015,0.30032675385881896,0.4019272056562387,0.8079247252376474,1.0,0.1,29.700000000000102,31.080000000000084,1.3799999999999812,128.44,-1.6804367023188145,-79.23333740234375,79.70283508300781,-21.475139617919922,13.146581649780273,-48.11985778808594,-6.400549411773682,-34.67616271972656,0.2051844596862793,-13.75793170928955,-3.9366519451141357,-8.497658729553223,-8.735210418701172,-11.218656539916992,76.03073120117188,24.38953971862793,29.16482162475586,28.72734832763672,21.110382080078125,13.912618637084961,13.897010803222656,12.935623168945312,10.3911771774292,10.206716537475586,8.508245468139648,8.30958080291748,6.735481262207031,call_8e6c9fa78a21,synthetic,train
0.28313613003466076,0.4781881199952199,14.0,19.0,3.3842857142857237,3.6963006879189555,4.211578947368426,2.7211322394951587,0.7581818181818104,2.0199999999999534,2.828111538824636,-1.4400000000000261,2.759999999999991,0.5454545454545454,2.1999999999999886,0.34000000000000163,1.859999999999987,0.2727272727272727,0.2727272727272727,-1.8765491348048526,2.488300375454685,-0.28402677209679694,3.7301231278225373,1.0921952219412094,3.0,0.21428571428571427,39.93999999999977,41.879999999999825,1.9400000000000546,167.34,-0.17240634564319107,-72.9706039428711,77.79049682617188,6.04625940322876,31.04506492614746,-30.63352394104004,-2.4668188095092773,-21.413883209228516,4.73115873336792,-10.56948184967041,2.6952409744262695,-4.922738552093506,-8.843878746032715,-12.105941772460938,92.29637908935547,24.689085006713867,29.45994758605957,21.320178985595703,19.831666946411133,15.802021026611328,14.163161277770996,14.43660831451416,12.807514190673828,11.654247283935547,11.84378719329834,9.901866912841797,10.621604919433594,call_8ed994ce484f,synthetic,train
0.2916338427603589,0.492358594611627,14.0,18.0,2.6442857142857115,2.2629586016215733,3.4722222222222183,2.1897248826572695,0.6466666666666715,0.970000000000006,1.8047776101842095,-1.1980000000000017,1.9520000000000082,0.08333333333333333,1.595000000000005,-1.149999999999988,2.744999999999993,0.4166666666666667,0.4166666666666667,0.6864702806127045,-0.1319083766352005,0.24105930875021822,2.790893207309231,0.8557920154165578,5.0,0.35714285714285715,27.4200000000001,31.720000000000113,4.300000000000011,126.94,-0.17240634564319107,-120.9552001953125,76.28546142578125,-19.132083892822266,-12.740528106689453,-54.370059967041016,-5.003363609313965,-24.450931549072266,-3.79475736618042,-21.668424606323242,-4.956643104553223,-15.914345741271973,-7.03838586807251,-13.95223617553711,84.1971206665039,25.337528228759766,36.97775650024414,16.535358428955078,24.961746215820312,16.209354400634766,19.55646514892578,11.167598724365234,13.179346084594727,8.971468925476074,11.26083755493164,7.535037994384766,8.435876846313477,call_8ee1e10130a2,synthetic,train
0.33088358109236643,0.47669951561717,12.0,15.0,3.3016666666666628,3.2812442592542372,3.805333333333329,2.348712744367764,1.3600000000000025,1.960000000000008,1.6953381457902235,-1.1280000000000001,2.856000000000002,0.2857142857142857,2.1200000000000006,0.37000000000000455,1.749999999999996,0.2857142857142857,0.2857142857142857,-0.46540886874056714,-1.034893812668931,0.7540401224367403,1.2465721651056236,0.9938145153741827,2.0,0.16666666666666666,23.040000000000106,24.600000000000108,1.5600000000000023,119.74,-0.17240634564319107,-242.30836486816406,107.23008728027344,6.416892051696777,4.163516521453857,-31.308032989501953,-6.424170017242432,-21.616695404052734,-4.079697132110596,-20.69120216369629,-2.73738169670105,-16.20486831665039,-3.561210870742798,-11.833085060119629,82.44340515136719,28.141698837280273,35.439701080322266,19.58031463623047,21.663694381713867,15.501030921936035,14.925948143005371,12.897491455078125,10.91968822479248,11.406319618225098,9.375205039978027,9.297224044799805,8.075719833374023,call_8f8e2145bc91,synthetic,train
0.34528459821428553,0.467494419642857,10.0,15.0,4.9499999999999975,4.5199225657084,4.467999999999999,3.6047213484539977,1.7025000000000021,2.0000000000000036,0.9810421754440489,0.9660000000000035,2.3399999999999834,0.5,2.205000000000002,1.8450000000000073,0.35999999999999455,0.125,0.125,-2.086481364107201,2.6919808113829946,-0.2833827368589901,0.5762362260603885,0.9131156696556135,1.0,0.1,26.84000000000006,28.420000000000044,1.579999999999984,143.36,-0.17240634564319107,-79.74417114257812,79.36038208007812,5.425291538238525,30.632606506347656,-30.866544723510742,-3.509363889694214,-19.88954734802246,4.584050178527832,-11.361475944519043,1.4462544918060303,-5.002856731414795,-9.51944637298584,-14.779051780700684,98.85445404052734,22.922767639160156,29.469585418701172,21.663280487060547,18.200851440429688,15.039334297180176,12.74524211883545,13.806469917297363,13.573469161987305,10.391470909118652,12.116442680358887,10.44273853302002,10.340158462524414,call_9083846f078a,synthetic,train
0.2549788774894384,0.5325890162945078,13.0,19.0,2.599999999999997,2.7557269039639567,3.7157894736842088,3.061520633158891,0.09272727272727478,1.6200000000000045,2.0598018038331696,-1.519999999999996,2.000000000000007,0.18181818181818182,1.7599999999999971,-1.3299999999999983,3.0899999999999954,0.45454545454545453,0.45454545454545453,-0.7717723466833174,-0.5009543940616368,-0.31296122756333256,22.213548625309144,1.0598949626554095,5.0,0.38461538461538464,28.160000000000082,33.02000000000007,4.859999999999985,132.56,-0.17240634564319107,-133.34779357910156,70.21747589111328,-18.680482864379883,-9.68533992767334,-63.713035583496094,-15.105425834655762,-25.75315284729004,-3.417340040206909,-23.794185638427734,-8.59217643737793,-12.110785484313965,-14.5316801071167,-7.141473293304443,74.61299896240234,28.910850524902344,30.140413284301758,14.027897834777832,23.59861183166504,15.27460765838623,16.681737899780273,11.2136812210083,11.7601900100708,9.46790885925293,10.462059020996094,7.404478549957275,7.121749401092529,call_91a25cd95998,synthetic,train
0.16377237510018677,0.49078279454982626,13.0,21.0,1.8861538461538434,1.3176759170923655,3.4990476190476185,2.6510625089393614,1.818000000000002,1.6499999999999986,1.2642926876321015,0.8840000000000011,3.236000000000003,0.4,2.805000000000002,1.3250000000000064,1.4799999999999955,0.1,0.1,-0.7390192818791508,0.26676262863312683,0.22259482758468038,0.6954305208672549,0.6986046865056654,1.0,0.07692307692307693,51.72000000000004,52.200000000000045,0.480000000000004,149.72,-0.17240634564319107,-120.86661529541016,84.61544799804688,2.796680212020874,3.5448341369628906,-35.11686325073242,-17.026945114135742,-22.099639892578125,-16.9423828125,-10.546356201171875,-3.085556983947754,-2.9647397994995117,-0.7017990946769714,-7.583889484405518,91.95642852783203,28.276582717895508,28.862056732177734,25.43518829345703,17.760032653808594,17.391830444335938,10.196868896484375,11.92181396484375,10.672407150268555,9.18522834777832,9.529210090637207,7.898717403411865,9.298666954040527,call_924e8a27e4de,human,train
0.5162254483347605,0.3739538855678917,88.0,21.0,1.3738636363636465,2.1646968252023933,4.170476190476202,4.483564139419692,-2.957647058823551,-1.8000000000000007,5.567704701233566,-10.016000000000007,0.9199999999999708,0.058823529411764705,0.39999999999994884,-4.360000000000014,4.7599999999999625,0.7058823529411765,0.6470588235294118,-0.8795081739863316,1.0072320934167402,-0.9444025716212151,1.8824777225331704,1.5756271338226138,11.0,0.125,25.719999999998862,63.219999999999345,37.50000000000048,234.2,-0.17240634564319107,-163.72628784179688,75.0838623046875,-31.335886001586914,6.712028980255127,-45.716861724853516,-15.069258689880371,-28.318700790405273,4.047945976257324,-16.08066749572754,-2.3414998054504395,-13.950859069824219,-9.668622016906738,-13.64334487915039,59.13306427001953,17.662521362304688,26.96503448486328,15.094380378723145,17.164020538330078,12.356782913208008,13.039820671081543,10.46895980834961,10.519325256347656,8.584699630737305,9.411763191223145,8.687600135803223,7.521963596343994,call_925ba94f05a4,synthetic,val
0.32134125043660483,0.49365467458377066,12.0,22.0,4.599999999999999,5.536466984157555,3.8545454545454603,4.11920637465821,-0.08599999999999745,1.9600000000000009,3.7621382218095056,-4.973999999999987,2.445999999999998,0.4,2.185000000000004,-1.070000000000003,3.255000000000007,0.3,0.3,-1.4667474004809697,0.7917297142991062,-0.8232930156345151,43.745792768184,1.2035797789030385,3.0,0.25,31.779999999999887,34.39999999999989,2.6200000000000045,171.78,-0.17240634564319107,-132.29833984375,105.35305786132812,28.53388023376465,32.58597183227539,-12.649518966674805,-5.451298713684082,-23.824573516845703,-10.17215347290039,-9.402181625366211,-3.862999439239502,-2.8383636474609375,-2.668931245803833,-12.236934661865234,92.63343048095703,29.40045928955078,29.534753799438477,26.90810775756836,20.451223373413086,14.836142539978027,14.708972930908203,16.005887985229492,12.780430793762207,10.469310760498047,11.236002922058105,8.870969772338867,8.696321487426758,call_927c1f5f2007,synthetic,train
0.10356157182284138,0.4886318832960968,9.0,25.0,1.7511111111111115,1.2331751650330607,2.9744000000000006,2.322677902766549,2.320000000000004,1.6099999999999985,2.2967368155711707,0.10400000000000642,5.680000000000002,0.375,3.595000000000006,1.1750000000000043,2.4200000000000017,0.125,0.125,0.3623587380086778,-0.8614678031490763,0.3175131481770324,0.9899727649056871,0.7042243958730662,1.0,0.1111111111111111,62.05999999999999,63.339999999999975,1.279999999999987,152.18,-0.7445971666592149,-131.8421630859375,91.08255004882812,8.245887756347656,21.80217170715332,-25.033472061157227,-1.2479474544525146,-30.751893997192383,-6.329166889190674,-17.717201232910156,1.032108187675476,-7.915248870849609,-3.5595903396606445,-8.473466873168945,89.7535171508789,35.60309600830078,37.35555648803711,30.624208450317383,21.44925308227539,14.050324440002441,15.585539817810059,13.356496810913086,12.552541732788086,14.257896423339844,9.942209243774414,8.729783058166504,10.8772554397583,call_9491f635b944,synthetic,train
0.26611275964391706,0.5169139465875375,32.0,24.0,1.4012500000000008,1.0898845982488194,3.62916666666667,2.9965367741592814,-0.7925000000000019,-0.33999999999999986,2.4748724714619215,-2.120000000000009,1.1600000000000001,0.0,0.9150000000000063,-1.309999999999997,2.225000000000003,0.625,0.625,-2.3864678322417237,5.780735361854987,-0.637984394938421,3.1228674679357074,0.7777945387839602,10.0,0.3125,36.55999999999989,44.75999999999999,8.200000000000102,168.5,-0.7445971666592149,-210.7616729736328,64.11432647705078,-40.409114837646484,-28.384458541870117,-30.330936431884766,-10.475316047668457,-25.71209144592285,-4.0232157707214355,-18.480947494506836,8.40092658996582,-9.313661575317383,-7.553275108337402,-8.824543952941895,86.19166564941406,29.353899002075195,40.29240798950195,18.99454689025879,22.497983932495117,14.465193748474121,15.395626068115234,11.257868766784668,9.051370620727539,9.184356689453125,8.68368148803711,9.02779483795166,7.921522617340088,call_94a8c8502249,human,train
0.3537012113055183,0.4476446837146711,17.0,17.0,3.091764705882354,2.468894097016662,3.9129411764705955,2.3260766380219597,0.672727272727273,1.8200000000000074,2.451259753711416,-1.420000000000016,2.740000000000002,0.2727272727272727,2.1900000000000044,-0.27999999999999403,2.4699999999999984,0.2727272727272727,0.2727272727272727,-1.5749707085720877,1.6246869167029363,-0.2875220231485289,3.643764493343805,0.7985388058544155,3.0,0.17647058823529413,29.519999999999854,32.83999999999993,3.3200000000000642,148.6,-0.17240634564319107,-136.81394958496094,59.44370651245117,-21.140405654907227,-1.8104497194290161,-55.5701904296875,-15.264695167541504,-32.88677978515625,1.8427166938781738,-22.410051345825195,-1.7162758111953735,-17.799091339111328,-10.544393539428711,-13.900946617126465,82.11954498291016,25.473440170288086,39.79434585571289,19.951244354248047,28.449020385742188,15.603137969970703,17.12453269958496,11.871475219726562,12.446627616882324,10.614364624023438,9.692359924316406,8.719822883605957,8.12190055847168,call_957a8384caff,synthetic,val
0.24154077215301809,0.5089672232529385,23.0,35.0,2.377391304347836,1.812404641908459,3.2920000000000065,2.4564234162700913,0.1461538461538388,1.039999999999992,1.6316369244579083,-2.104000000000011,1.712000000000002,0.0,1.4200000000000017,-1.1800000000000352,2.600000000000037,0.38461538461538464,0.38461538461538464,-0.671725121055479,-1.1154048742420402,-0.0555157123443119,11.163831512012665,0.7623501599553827,5.0,0.21739130434782608,56.479999999999535,62.179999999999666,5.700000000000131,226.38,-0.7445971666592149,-151.98915100097656,81.33800506591797,3.003350257873535,-11.97694206237793,-25.733278274536133,-7.47794246673584,-21.593475341796875,-9.016982078552246,-6.232542037963867,-7.899342060089111,-5.830667495727539,-12.987957000732422,-4.138619899749756,85.51144409179688,29.327260971069336,36.43423843383789,21.53600311279297,20.715068817138672,11.380931854248047,13.845913887023926,10.658708572387695,9.42500114440918,8.386285781860352,8.048304557800293,7.50246524810791,7.598196029663086,call_95ccefc6e4ce,human,val
0.20356196644097735,0.6018545775684427,11.0,18.0,2.5145454545454546,1.8487753373338467,4.543333333333333,2.8177709866725045,0.8559999999999987,1.0300000000000011,0.6655403819453769,0.5439999999999743,1.2839999999999998,0.0,1.1700000000000026,0.875,0.2950000000000026,0.1,0.1,-2.1777356926264835,3.6977688614342537,0.05037026284127132,0.7775004452895765,0.7352324187485451,1.0,0.09090909090909091,26.439999999999998,27.39999999999999,0.9599999999999937,135.88,-0.7445971666592149,-227.58279418945312,90.10466003417969,-0.22152738273143768,-19.827716827392578,-47.42171096801758,-12.555723190307617,-27.178640365600586,-9.240985870361328,-19.381052017211914,-3.4812161922454834,-9.256322860717773,-4.770921230316162,-7.817728519439697,78.51738739013672,27.13962745666504,35.67780685424805,15.668173789978027,19.914085388183594,13.69261360168457,14.627848625183105,10.747174263000488,9.12929630279541,8.793413162231445,8.741656303405762,7.681840896606445,7.899291515350342,call_9741efdd34af,human,train
0.5285472018089309,0.3330977953646127,58.0,14.0,1.2896551724137912,1.425115803542902,3.3671428571428565,2.078867921907184,-2.4999999999999996,-2.1199999999999974,2.2098717911529024,-5.543999999999996,0.33800000000000124,0.0,-1.075000000000002,-4.214999999999992,3.13999999999999,0.8333333333333334,0.8333333333333334,-0.02637921239796907,-1.0119472247480437,-0.9370164204023194,0.8839487161075816,1.1050363173983464,10.0,0.1724137931034483,19.580000000000126,38.700000000000074,19.119999999999948,141.52,-0.17240634564319107,-142.15451049804688,87.15968322753906,-24.93586540222168,17.713476181030273,-35.667213439941406,-12.353727340698242,-22.49940299987793,4.13478422164917,-12.667561531066895,-3.3363964557647705,-9.948468208312988,-7.103394508361816,-13.080361366271973,65.63008880615234,19.07749366760254,30.423553466796875,17.361770629882812,16.33710479736328,11.847490310668945,11.901638984680176,12.346158027648926,9.847075462341309,8.86352252960205,9.348505020141602,8.703089714050293,7.737990856170654,call_97701e543c60,synthetic,train
0.23150206414734817,0.6217846935535088,13.0,16.0,2.243076923076921,1.0793971580711477,4.894999999999998,3.7199159936751247,0.5314285714285715,0.8400000000000034,1.1183588559189075,-1.1640000000000015,1.6000000000000023,0.0,1.3399999999999999,-0.16000000000000014,1.5,0.2857142857142857,0.2857142857142857,-0.7060346735857628,-1.1813528960535522,0.32671850451716233,2.104438703414323,0.48121272457713193,2.0,0.15384615384615385,18.48000000000006,20.820000000000064,2.3400000000000034,125.96,-1.0454779796103157,-153.52159118652344,87.58578491210938,-13.947320938110352,-24.555082321166992,-24.40455436706543,-18.155929565429688,-10.459243774414062,-11.016550064086914,-17.88480567932129,-2.3263988494873047,-16.876136779785156,-6.495596885681152,-13.040328025817871,82.07197570800781,25.268526077270508,43.50666809082031,22.909873962402344,21.70186424255371,12.17257022857666,14.826247215270996,11.681678771972656,10.163273811340332,9.873015403747559,8.846766471862793,8.459482192993164,8.039298057556152,call_989dad5aa1af,human,train
0.2863263785394939,0.5288748137108795,28.0,19.0,2.19571428571429,1.581711163291723,5.976842105263161,4.835544983852265,0.6149999999999963,1.259999999999991,1.4074592948524864,-1.755999999999993,1.6360000000000015,0.08333333333333333,1.6000000000000085,-0.05500000000001393,1.6550000000000225,0.3333333333333333,0.25,-1.1210564982844218,-0.1958010036858866,-0.20787728263918792,2.288551695225924,0.7203629237475274,3.0,0.10714285714285714,39.67999999999981,41.69999999999979,2.019999999999982,214.72,-1.6804367023188145,-163.1295623779297,79.49054718017578,15.031429290771484,-7.45607852935791,-27.885425567626953,-9.636724472045898,-17.88555145263672,-7.575150012969971,-12.32813549041748,-7.794914722442627,-9.840806007385254,-10.356058120727539,-8.102407455444336,89.37440490722656,29.40517234802246,34.82070541381836,19.91620635986328,23.167654037475586,13.09742546081543,12.744420051574707,10.641630172729492,9.258590698242188,9.06458568572998,8.217106819152832,7.887391090393066,7.298868656158447,call_9a3d5b0a64a3,human,val
0.17389896373056965,0.6296955958549219,13.0,19.0,1.6523076923076894,1.2876821982876754,4.0936842105263125,3.6257909634731167,-0.18199999999999594,0.7400000000000055,1.4456126728830232,-1.987999999999996,1.1360000000000003,0.0,0.9700000000000042,-1.8649999999999967,2.835000000000001,0.4,0.4,-0.3560314293030687,-1.7846345047415437,-0.32310828363052396,7.942926730440267,0.7793234901121324,4.0,0.3076923076923077,24.26000000000009,27.300000000000068,3.039999999999978,123.52,-4.359916692464292,-194.56375122070312,55.055931091308594,5.0286126136779785,-11.216980934143066,-46.527679443359375,-9.305256843566895,-18.03749656677246,-5.851400852203369,-17.49923324584961,-4.439763069152832,-11.483759880065918,-11.000229835510254,-9.648119926452637,93.61727905273438,33.716156005859375,38.00284957885742,22.200218200683594,26.35416030883789,17.496856689453125,15.15443229675293,11.299200057983398,10.15639877319336,9.361658096313477,7.948047637939453,8.753544807434082,7.004216194152832,call_9bb847dfc83e,human,val
0.316277080957811,0.4803306727480045,11.0,13.0,4.034545454545458,2.0520693043247933,5.184615384615384,4.05805678275588,2.1024999999999974,2.1500000000000057,0.17012862780848512,1.9039999999999986,2.285999999999987,0.625,2.250000000000007,1.940000000000003,0.31000000000000405,0.0,0.0,-0.3631266203616296,-1.3996294255181687,-0.26312145661674485,0.08091730212963996,0.5086246584492528,0.0,0.0,28.539999999999964,29.139999999999958,0.5999999999999943,140.32,-0.17240634564319107,-124.96759796142578,83.76155853271484,-4.463616371154785,25.089033126831055,-30.8128604888916,-7.1499481201171875,-33.31610107421875,-5.430802345275879,-20.334943771362305,-2.1725447177886963,-7.472228527069092,-6.712925910949707,-9.347843170166016,98.4852523803711,29.731937408447266,33.37141418457031,26.766742706298828,22.801864624023438,14.756025314331055,15.680391311645508,14.689220428466797,11.988739967346191,10.80901050567627,10.772513389587402,8.479945182800293,10.331292152404785,call_9c2dbbd1fe2e,synthetic,train
0.28201742804330604,0.495510958542382,19.0,22.0,2.248421052631579,1.122278055225617,3.4118181818181825,2.5807656305192515,2.338000000000002,2.4100000000000037,0.3247706883325534,2.036,2.6279999999999957,0.9,2.509999999999998,2.1300000000000043,0.3799999999999937,0.0,0.0,-0.5449848593189596,0.04691902831780803,0.2464808810214324,0.1389096185601555,0.49914052059464076,0.0,0.0,33.699999999999974,35.579999999999984,1.8800000000000097,151.48,-0.453790909505865,-113.17738342285156,80.21849060058594,14.149049758911133,31.97032928466797,-37.30680847167969,-0.9083182215690613,-21.015640258789062,2.268472909927368,-12.561421394348145,-1.4851866960525513,-8.30924129486084,-8.522405624389648,-12.420138359069824,89.95426940917969,23.127002716064453,28.230899810791016,19.274118423461914,16.11020851135254,12.218116760253906,10.76347827911377,10.750811576843262,12.550848007202148,9.477256774902344,10.039640426635742,8.916707038879395,8.064488410949707,call_9dc1a304389f,synthetic,train
0.21933778952277305,0.5151562257111766,14.0,17.0,2.0157142857142842,1.65781575008337,3.898823529411763,2.1312296432781563,0.7200000000000031,0.8100000000000005,1.113481028127557,-0.04399999999999982,1.756000000000004,0.0,1.4300000000000068,0.5950000000000095,0.8349999999999973,0.2,0.1,-1.648476953134685,2.2232842153099464,0.4345003828886994,1.5465014258070149,0.8224458004838041,1.0,0.07142857142857142,34.16000000000004,35.74000000000005,1.5800000000000125,128.66,-2.016215753498857,-151.07643127441406,78.15396118164062,-42.69930648803711,-6.366322040557861,-29.262529373168945,-17.88201904296875,-17.606470108032227,-22.40013885498047,-5.218623161315918,-8.417135238647461,-4.425443172454834,0.5867679119110107,-9.533930778503418,88.29364776611328,36.41114044189453,38.427127838134766,29.86515235900879,23.923683166503906,19.852022171020508,15.177276611328125,13.228553771972656,12.302778244018555,9.835521697998047,8.837297439575195,9.293444633483887,8.507975578308105,call_9f11e2c5441c,human,val
0.22192648922686933,0.5676806083650193,18.0,19.0,1.9455555555555546,1.3705928247871515,4.714736842105266,4.3623742550673335,0.8781818181818166,1.1200000000000045,1.231420600044873,-1.44,2.0799999999999983,0.18181818181818182,1.6400000000000006,0.9000000000000021,0.7399999999999984,0.18181818181818182,0.18181818181818182,-1.157151866511915,0.09741025044817242,0.4694903431253084,1.4022387769222568,0.704473753097893,2.0,0.1111111111111111,33.199999999999974,35.91999999999997,2.719999999999999,157.8,-1.0454779796103157,-166.96539306640625,84.78733825683594,-3.5196681022644043,-8.784276008605957,-4.7854156494140625,-20.496845245361328,-15.599363327026367,-13.402019500732422,-12.98991584777832,-6.25137996673584,-6.257959365844727,-6.504295825958252,-7.057897090911865,103.48648071289062,40.790287017822266,39.45664978027344,21.544401168823242,22.33302116394043,14.641027450561523,13.449219703674316,11.72069263458252,9.224014282226562,8.367131233215332,8.528341293334961,6.4811224937438965,7.22389554977417,call_a0fbbe7bfec4,human,train
0.26486013986013945,0.5696386946386947,22.0,17.0,1.6527272727272702,1.154273411041778,4.6000000000000005,2.875732131843585,0.1509090909090914,0.8000000000000114,2.355641022757749,-1.999999999999993,1.4200000000000053,0.09090909090909091,1.2600000000000051,0.2599999999999838,1.0000000000000213,0.2727272727272727,0.2727272727272727,-1.8415343332087117,2.6803141653716107,-0.33921079169725027,15.609669324475174,0.6984052537831199,3.0,0.13636363636363635,22.720000000000056,25.740000000000023,3.0199999999999676,137.28,-2.016215753498857,-185.055419921875,96.2032241821289,-7.464090347290039,-8.876763343811035,-26.306211471557617,-31.421899795532227,-27.899372100830078,-22.774389266967773,-8.257467269897461,-9.507153511047363,-5.056766033172607,2.971524238586426,-10.80192756652832,99.82337188720703,36.340919494628906,35.14393615722656,32.19111633300781,18.840049743652344,21.572290420532227,14.90512752532959,13.108916282653809,14.019491195678711,10.925215721130371,9.961588859558105,9.558457374572754,8.88721752166748,call_a2aa58c1750b,human,train
0.4882840663302076,0.4601658255227102,49.0,19.0,1.1057142857142823,0.9566096595876116,2.687368421052627,1.6100632289161907,-1.139999999999996,-1.2199999999999918,1.5667876465595982,-3.3479999999999994,0.320000000000002,0.058823529411764705,-0.05999999999999517,-1.8599999999999959,1.8000000000000007,0.8823529411764706,0.8823529411764706,0.09257657176620379,-0.3360646945194925,-0.7476349432621735,1.3743751273554636,0.865150854141763,15.0,0.30612244897959184,5.7200000000002404,26.64000000000013,20.919999999999888,110.96,-0.17240634564319107,-107.04983520507812,80.00650024414062,-27.110187530517578,16.45176887512207,-38.6060791015625,-9.742794036865234,-24.870807647705078,6.663336277008057,-13.256057739257812,-0.9947535991668701,-10.24668025970459,-7.764499664306641,-13.593581199645996,69.02001190185547,17.377004623413086,27.856904983520508,17.894678115844727,14.426509857177734,12.318632125854492,11.489221572875977,11.846990585327148,9.652363777160645,9.278351783752441,10.353796005249023,8.775659561157227,7.9355316162109375,call_a381913d938c,synthetic,train
0.22058366966780477,0.537255510710959,11.0,16.0,2.5836363636363604,1.3409038520698906,4.326249999999997,2.515976140089567,1.6622222222222272,2.000000000000007,1.1051975969911727,1.1,2.312000000000009,0.5555555555555556,2.0999999999999996,1.7600000000000051,0.33999999999999453,0.1111111111111111,0.1111111111111111,-2.217061600363884,3.4510822046827414,0.2852182985223124,0.6648916020679478,0.5189986758289876,1.0,0.09090909090909091,31.200000000000074,32.06000000000007,0.8599999999999994,128.84,-0.17240634564319107,-76.2630386352539,77.27552795410156,-0.03726388141512871,22.651208877563477,-33.32613754272461,2.4350762367248535,-25.522663116455078,3.332035541534424,-13.45076847076416,0.4477993845939636,-6.276198387145996,-6.285458087921143,-13.410547256469727,95.2112808227539,35.35826873779297,36.929168701171875,30.294198989868164,24.323009490966797,15.180937767028809,18.493186950683594,13.66893196105957,13.369987487792969,14.517889022827148,13.034004211425781,10.50958251953125,9.730124473571777,call_a3a1f51a4bf9,synthetic,val
0.21708542713567813,0.47293610911701317,23.0,20.0,1.3147826086956507,1.1089080785412582,3.293999999999997,2.6504497731517214,2.1581818181818178,2.5600000000000023,1.815798437862018,-1.2400000000000002,4.360000000000003,0.7272727272727273,2.9299999999999997,2.0000000000000036,0.9299999999999962,0.18181818181818182,0.18181818181818182,-0.8970386658353451,-0.12649663214897844,-0.0009393846916654359,0.8413556363617224,0.8434155352860585,2.0,0.08695652173913043,43.180000000000106,46.240000000000094,3.059999999999988,139.3,-3.10925519794408,-104.30315399169922,100.02825927734375,1.0386072397232056,25.280860900878906,-23.850406646728516,-4.378225803375244,-24.51128387451172,-1.2566965818405151,-19.127769470214844,2.4676616191864014,-7.442324638366699,-2.9069693088531494,-5.802218437194824,67.5357666015625,24.92877960205078,25.516313552856445,24.04010772705078,21.402252197265625,15.067418098449707,13.795785903930664,13.49199104309082,9.243006706237793,10.035422325134277,9.230663299560547,7.649524688720703,8.25632381439209,call_a426226cf8b9,synthetic,train
0.23024638912489387,0.5589270542541579,20.0,22.0,1.8970000000000007,1.9328763540381988,4.186363636363643,3.0080521414946277,0.04399999999999711,1.0599999999999952,2.5347788858202205,-2.946,1.72,0.1,1.5600000000000016,-0.23500000000000654,1.7950000000000081,0.3,0.3,-1.6017887380996574,1.4671989256216582,-0.05116201850538675,57.608609732085846,1.0189121523559757,3.0,0.15,34.73999999999987,36.05999999999986,1.3199999999999932,164.78,-0.17240634564319107,-128.89344787597656,48.90589141845703,-33.44608688354492,-18.589054107666016,-24.605741500854492,0.932945728302002,-29.62948989868164,-1.5977447032928467,-16.049592971801758,-1.5434086322784424,-14.422765731811523,-6.29086971282959,-11.116930961608887,101.63699340820312,29.153337478637695,42.65053176879883,21.349069595336914,25.483543395996094,16.36859893798828,15.470043182373047,10.870020866394043,10.28685474395752,8.468679428100586,8.109938621520996,7.551453113555908,7.590708255767822,call_a4683528fef4,human,train
0.3072502210433251,0.4452917771883299,21.0,20.0,2.6476190476190533,1.810019480984101,4.029000000000009,3.8144224988849884,1.4683333333333255,2.070000000000002,2.5780801427074023,-1.293999999999997,4.3740000000000006,0.5,3.525000000000004,-0.6400000000000183,4.165000000000022,0.3333333333333333,0.3333333333333333,-0.43168790522494443,-0.9505265286970075,0.5690358803036928,1.7557867021236975,0.6836404511926185,4.0,0.19047619047619047,44.77999999999972,49.35999999999976,4.580000000000041,180.96,-0.17240634564319107,-127.02677154541016,74.06148529052734,-12.679525375366211,4.205745697021484,-53.41664123535156,-22.53125,-29.702028274536133,-5.256445407867432,-20.884244918823242,-3.0882039070129395,-14.035259246826172,-9.079809188842773,-10.179048538208008,86.42105865478516,25.80097770690918,34.09294891357422,16.043413162231445,24.57478141784668,16.012901306152344,17.351783752441406,11.244853973388672,10.48009204864502,10.107784271240234,8.693496704101562,8.447793006896973,7.447501182556152,call_a49598543013,synthetic,train
0.20602605863192122,0.4584690553745927,16.0,14.0,1.5812499999999954,0.9571694925664955,4.0214285714285705,3.785796495064258,3.317500000000002,3.1300000000000026,0.5649280927693341,2.8380000000000094,4.061999999999999,1.0,3.360000000000002,2.9999999999999964,0.36000000000000565,0.0,0.0,1.2773110928731541,0.40143918818324487,-0.182184225907229,0.17028729241870277,0.6053245798963944,0.0,0.0,41.20000000000009,41.520000000000095,0.3200000000000074,122.8,-2.729418803901351,-132.9214630126953,65.01280212402344,-26.128875732421875,15.55776596069336,-46.05182647705078,-11.156383514404297,-33.678321838378906,-4.789162635803223,-24.164796829223633,-3.4321985244750977,-12.56570053100586,-9.691449165344238,-9.231709480285645,71.79533386230469,25.05137062072754,33.98871612548828,20.299924850463867,23.628559112548828,14.441021919250488,14.04102897644043,13.657102584838867,11.609428405761719,9.618645668029785,10.930590629577637,9.360236167907715,8.176420211791992,call_a6481017c744,synthetic,train
0.2052414605418141,0.5678739693757361,9.0,23.0,3.097777777777781,1.6210406655929908,3.3539130434782605,2.6965319742385283,1.8288888888888875,1.7999999999999545,0.1761592994009462,1.6360000000000035,2.064000000000002,0.2222222222222222,1.980000000000004,1.6800000000000068,0.29999999999999716,0.0,0.0,-0.012317741518051628,-1.1961611456212036,-0.19114333834931332,0.09632039451650265,0.5232914628991132,0.0,0.0,30.819999999999993,30.819999999999993,0.0,135.84,-0.17240634564319107,-130.50318908691406,78.47522735595703,-17.049144744873047,-11.362415313720703,-51.16258239746094,-9.586103439331055,-29.031272888183594,-5.395357131958008,-20.83001708984375,-2.573815107345581,-15.128939628601074,-8.315581321716309,-14.566950798034668,81.30744934082031,27.45984649658203,35.30671691894531,17.635021209716797,27.472736358642578,14.896342277526855,18.878082275390625,11.003480911254883,12.52022933959961,8.742044448852539,10.964367866516113,9.00074577331543,8.347906112670898,call_a71916766a4f,synthetic,train
0.2592276509494338,0.5165350970770214,14.0,11.0,1.7357142857142802,1.792128480270297,4.40181818181818,2.7038753944589096,-0.6457142857142812,0.860000000000003,2.2209834188797464,-3.2599999999999882,1.4560000000000044,0.0,1.3700000000000023,-3.1399999999999935,4.509999999999996,0.42857142857142855,0.42857142857142855,-0.2712179169857609,-1.8970853900947626,-0.4641285029328615,3.4395760858586946,1.0325020044991444,3.0,0.21428571428571427,21.020000000000095,22.34000000000006,1.3199999999999648,93.74,-5.821445638980221,-145.15504455566406,92.79751586914062,19.64159393310547,12.746068954467773,-28.11431884765625,-16.82496452331543,-15.79232406616211,-9.367084503173828,-12.526429176330566,-2.8511972427368164,-8.792454719543457,-8.968728065490723,-7.724750518798828,98.737548828125,33.084449768066406,37.39957046508789,25.289775848388672,24.27120590209961,15.043904304504395,15.738227844238281,13.955430030822754,10.008594512939453,9.698742866516113,8.121455192565918,9.984933853149414,7.699202060699463,call_a766613f8c8a,human,train
0.2259325623065639,0.6251832546017263,25.0,20.0,1.1095999999999966,1.1012882638074377,3.8379999999999983,3.0003459800496324,-0.6746666666666639,0.3200000000000003,2.249959604575651,-3.639999999999999,1.2160000000000069,0.06666666666666667,0.8800000000000026,-1.8900000000000006,2.770000000000003,0.4666666666666667,0.4666666666666667,-0.994069295228661,0.04651891037086875,-0.3540234544441743,3.3349203575702666,0.9925092491122313,7.0,0.28,18.28000000000013,22.64000000000007,4.359999999999943,122.78,-3.506464564079912,-164.65133666992188,73.34130096435547,11.341914176940918,13.601173400878906,-21.508596420288086,-13.316039085388184,-21.469919204711914,-12.870719909667969,-9.99566650390625,-3.631859540939331,-9.884749412536621,-2.88881254196167,-13.198517799377441,105.62311553955078,40.63880157470703,36.73577880859375,34.636207580566406,21.749467849731445,18.52921485900879,15.737954139709473,16.055713653564453,12.975980758666992,9.856995582580566,10.45734977722168,9.920632362365723,8.861857414245605,call_a7c95e99f3b6,human,val
0.3138482950591516,0.42090002319647424,24.0,16.0,2.2550000000000043,1.655075526977546,4.536250000000001,4.021966053747847,1.4566666666666646,1.9000000000000057,1.9294875543061198,0.914000000000004,2.4380000000000033,0.4166666666666667,2.29999999999999,1.7749999999999808,0.5250000000000092,0.08333333333333333,0.08333333333333333,-2.694232679536286,5.906637816888434,0.1528382026790271,1.3245909974701588,0.7339581047643391,1.0,0.041666666666666664,45.73999999999988,47.21999999999987,1.4799999999999898,172.44,-0.17240634564319107,-243.77598571777344,102.89720916748047,6.4169487953186035,3.458070755004883,-32.13759231567383,-5.754210948944092,-21.867897033691406,-3.784127712249756,-22.326181411743164,-3.566970109939575,-14.988689422607422,-4.315715789794922,-12.176252365112305,87.66886138916016,29.527116775512695,35.34164047241211,19.474313735961914,20.083833694458008,15.171098709106445,16.77074432373047,12.372566223144531,10.69731330871582,10.552584648132324,9.2902193069458,9.564932823181152,8.476831436157227,call_a7df1d46e72b,synthetic,train
0.2737642585551333,0.5168726235741445,21.0,26.0,2.1942857142857157,1.452277591950533,3.3461538461538463,2.9811962969497277,0.36714285714285894,-0.4399999999999906,1.6983118869354088,-1.2759999999999967,2.2700000000000014,0.42857142857142855,2.059999999999995,-1.174999999999998,3.234999999999993,0.5714285714285714,0.5714285714285714,0.2162283418365329,-1.7253731077447314,-0.12260659736187295,4.625752208625501,0.6618452564466671,8.0,0.38095238095238093,35.23999999999995,40.93999999999991,5.69999999999996,168.32,-3.922712603739859,-114.39324951171875,89.67708587646484,-9.170990943908691,27.495872497558594,-29.99315643310547,6.171623229980469,-23.977251052856445,0.21103167533874512,-14.252371788024902,0.9465246796607971,-4.559032917022705,-3.2245266437530518,-4.746193885803223,56.48304748535156,26.006488800048828,29.033607482910156,18.185977935791016,24.012699127197266,13.714432716369629,14.090792655944824,12.766182899475098,10.399378776550293,9.535282135009766,8.822372436523438,8.023905754089355,8.00238037109375,call_a7ea289a43fd,synthetic,train
0.3893467831221559,0.3817197687292417,12.0,18.0,5.27500000000001,5.520049063791606,3.4477777777777843,3.2335129770637225,1.4219999999999953,1.8699999999999903,1.3720772573000426,-1.2460000000000093,2.4839999999999907,0.4,2.2650000000000006,1.7500000000000018,0.5149999999999988,0.2,0.2,-1.3597603823250324,0.07196644424032872,0.3857439678717379,0.9648925853271129,1.0464547986246713,2.0,0.16666666666666666,37.21999999999977,39.239999999999824,2.020000000000053,162.58,-0.17240634564319107,-59.22529983520508,88.31462860107422,-20.96813201904297,14.523721694946289,-48.45256423950195,0.14790453016757965,-33.84794998168945,-2.278242588043213,-9.346683502197266,-5.897500514984131,-1.3994120359420776,-11.299140930175781,-7.226045608520508,97.67239379882812,31.964279174804688,38.81373596191406,25.921432495117188,25.26085662841797,14.712384223937988,18.757680892944336,15.906975746154785,12.266094207763672,12.403464317321777,9.554216384887695,9.74010181427002,7.885052680969238,call_a8ca5b456ce4,synthetic,train
0.15441470235717128,0.3106272473032358,7.0,17.0,2.2085714285714273,2.0689502415574954,1.8294117647058807,1.8164881132955266,1.3866666666666676,1.6300000000000026,0.8371114355661117,0.3199999999999996,2.210000000000001,0.16666666666666666,1.7300000000000022,0.6600000000000005,1.0700000000000016,0.16666666666666666,0.0,-0.05513154186997302,-1.1553389894811412,-0.617420958358181,0.603686130982518,0.9367821270598319,0.0,0.0,53.560000000000045,56.240000000000045,2.6799999999999997,100.12,-0.453790909505865,-98.70841979980469,91.09396362304688,12.669271469116211,24.70612335205078,-63.13664245605469,-17.50642204284668,-34.3267707824707,-3.940871000289917,-0.439197838306427,-3.4158596992492676,1.8093329668045044,-16.799297332763672,-9.559231758117676,80.63532257080078,17.276166915893555,24.44287109375,15.924802780151367,23.373836517333984,16.277507781982422,15.174128532409668,13.577107429504395,10.055767059326172,10.277851104736328,8.929423332214355,8.335155487060547,6.914570331573486,call_a9d29125d786,synthetic,train
0.20033528918692342,0.5525565800502927,17.0,18.0,1.4058823529411744,1.1787883052151933,3.6622222222222174,2.1850185749415263,0.03600000000000403,0.9600000000000062,1.5591741403704724,-1.7059999999999995,1.316,0.0,1.1950000000000038,-1.2999999999999943,2.4949999999999983,0.4,0.4,-0.8243218902573757,-0.696071772890992,-0.30540651869093693,43.3103915849974,0.8384686683851191,4.0,0.23529411764705882,29.480000000000118,31.40000000000012,1.9200000000000017,119.3,-2.365499148623004,-231.89930725097656,90.87400817871094,-8.628297805786133,-32.48157501220703,-31.670991897583008,-21.56627655029297,-23.87567138671875,-3.6690542697906494,-17.926067352294922,-1.5543891191482544,-12.648822784423828,-6.954145908355713,-11.58789348602295,82.34768676757812,31.451040267944336,37.17048263549805,17.95339012145996,19.573152542114258,14.425689697265625,16.21866226196289,11.397518157958984,10.845874786376953,8.258668899536133,7.919681549072266,7.083917140960693,6.842251777648926,call_abf730747901,human,val
0.3041455739499248,0.4811875769599123,9.0,13.0,4.940000000000001,2.883578024299365,5.41076923076923,4.8442423580647445,3.4933333333333283,3.7100000000000044,0.666899959180945,2.660000000000002,4.109999999999978,1.0,3.9899999999999682,3.2650000000000015,0.7249999999999668,0.0,0.0,-0.9679434815055745,-0.37523984035594893,0.5186692649410428,0.19090647681012582,0.5837202477157174,0.0,0.0,31.38000000000001,31.86,0.47999999999998977,146.18,-0.17240634564319107,-47.479183197021484,32.454490661621094,-26.921606063842773,-3.4415552616119385,-54.565399169921875,-4.7215495109558105,-39.15073013305664,4.32697057723999,-32.77025604248047,1.740578293800354,-19.503219604492188,-3.1854913234710693,-10.965354919433594,93.21739196777344,32.24361801147461,36.451412200927734,21.164993286132812,25.781105041503906,16.76309585571289,18.041501998901367,11.486564636230469,12.33631706237793,10.232389450073242,10.17202377319336,12.32323169708252,13.146059036254883,call_ac80248cae29,synthetic,train
0.230624327233585,0.5250269106566204,17.0,20.0,2.0164705882352982,1.9117006324104366,3.9020000000000024,2.1719014710617066,0.4366666666666659,1.1099999999999994,1.4714354291718819,-2.022000000000001,1.4340000000000006,0.0,1.3650000000000055,0.45000000000000284,0.9150000000000027,0.25,0.25,-1.5106162835314842,0.7664093104780298,-0.09090627405296202,3.36969944840195,0.9480429035840322,3.0,0.17647058823529413,36.319999999999865,38.3599999999999,2.0400000000000347,148.64,-0.17240634564319107,-152.40707397460938,80.42875671386719,26.238624572753906,3.8221192359924316,-27.394001007080078,-23.796663284301758,-20.138198852539062,-20.479610443115234,-6.664313316345215,-10.451382637023926,-5.036117076873779,-9.534679412841797,-6.059207916259766,106.21271514892578,40.58570861816406,28.88935089111328,25.006452560424805,19.24470329284668,14.784979820251465,13.237075805664062,12.517452239990234,9.972329139709473,9.191380500793457,7.690014362335205,7.539370536804199,8.834481239318848,call_acda78859d0d,human,train
0.2103188207062045,0.5267398011655806,19.0,14.0,1.291578947368418,0.986398356371057,4.389999999999996,3.0355771397591873,2.4650000000000025,2.4400000000000013,0.8095523454354265,1.6980000000000037,3.332000000000007,0.75,2.7050000000000036,2.1000000000000014,0.6050000000000022,0.0,0.0,0.28014012891897055,0.13061419185508027,0.17235551541631858,0.32841880126044903,0.7637151082534449,0.0,0.0,30.68000000000012,31.700000000000102,1.0199999999999818,116.68,-2.016215753498857,-121.19940185546875,98.65325927734375,-1.651985764503479,28.0778865814209,-25.070363998413086,-9.638014793395996,-21.797948837280273,1.3755444288253784,-22.567834854125977,1.8829504251480103,-8.149491310119629,-4.231350421905518,-5.65888786315918,70.47126007080078,22.57113265991211,27.298770904541016,21.767980575561523,21.086265563964844,14.177083015441895,13.949585914611816,13.781686782836914,10.434409141540527,9.729225158691406,9.01705265045166,8.630805969238281,8.778690338134766,call_ad8e23b11d98,synthetic,train
0.16059773273789066,0.5865681896255576,11.0,22.0,1.699999999999999,1.24491693771841,3.1045454545454514,2.1115262193983324,0.8072727272727301,1.960000000000008,1.9701826906941249,-1.3599999999999994,3.1200000000000045,0.45454545454545453,2.210000000000001,-1.2699999999999942,3.479999999999995,0.45454545454545453,0.45454545454545453,-0.014330255979087951,-1.7586808801483662,-0.555609637698366,2.4405416183321327,0.7323040805800627,5.0,0.45454545454545453,29.440000000000083,33.66000000000007,4.219999999999985,116.44,-2.729418803901351,-69.00419616699219,78.78123474121094,-18.648204803466797,11.083328247070312,-43.07583999633789,-3.8131320476531982,-37.38230895996094,-1.3127797842025757,-15.070199012756348,-3.326859712600708,-9.979477882385254,-7.750735759735107,-9.762398719787598,70.950439453125,25.804676055908203,30.44927406311035,27.758806228637695,22.246170043945312,13.639838218688965,15.17811393737793,13.382966041564941,9.68474006652832,12.50084114074707,7.516140460968018,7.506235122680664,6.912916660308838,call_adf30039caa2,synthetic,train
0.26847099082283343,0.4705241872764032,18.0,22.0,1.9177777777777736,1.8092219185653493,2.749999999999997,2.343941901234678,1.012307692307696,1.8000000000000043,1.860347998240173,-1.4279999999999973,2.8800000000000057,0.46153846153846156,2.5600000000000023,-1.3400000000000034,3.9000000000000057,0.38461538461538464,0.38461538461538464,-0.3659873435376952,-1.687699157516131,0.1798316431599033,1.8377297836802182,0.9433949744262818,5.0,0.2777777777777778,33.56000000000016,39.62000000000015,6.059999999999988,128.58,-0.453790909505865,-130.76206970214844,89.09638214111328,0.08511804789304733,22.592350006103516,-28.307649612426758,-7.499368667602539,-30.969741821289062,-0.21270017325878143,-20.298686981201172,-1.6086121797561646,-8.850336074829102,-6.41844367980957,-9.580577850341797,107.4690170288086,28.10907554626465,34.38467025756836,25.109546661376953,23.8393497467041,14.883162498474121,17.902833938598633,17.02529525756836,13.307133674621582,11.336312294006348,10.822586059570312,9.583303451538086,9.49698543548584,call_aed9b45d6c31,synthetic,train
0.3190375088464262,0.44019815994338307,13.0,15.0,3.4676923076923094,1.7607085717279352,4.146666666666669,2.7465048496022875,2.4966666666666604,3.3799999999999812,2.0176030883754623,0.2300000000000022,3.879999999999997,0.8333333333333334,3.449999999999985,2.5450000000000017,0.9049999999999834,0.16666666666666666,0.16666666666666666,-1.4671648390479437,0.6196557412837667,-0.6786584250199507,0.8081187266624894,0.5077464823838164,1.0,0.07692307692307693,34.01999999999995,34.39999999999996,0.38000000000000966,141.3,-0.17240634564319107,-95.27558898925781,76.29197692871094,4.244409084320068,31.926301956176758,-33.79929733276367,2.211549758911133,-23.354183197021484,3.6915524005889893,-14.005911827087402,-2.6725680828094482,-6.728589057922363,-9.546998977661133,-12.642115592956543,105.88359069824219,29.861574172973633,41.584571838378906,27.07858657836914,24.439834594726562,15.63012981414795,19.007244110107422,13.769530296325684,12.389214515686035,14.247127532958984,12.507296562194824,10.61445426940918,10.100455284118652,call_af9ad367dcce,synthetic,val
0.19317300232738546,0.5438324282389447,11.0,22.0,2.716363636363635,1.2067934426500402,3.8236363636363624,3.5914729131583947,1.7560000000000024,2.1000000000000023,1.6532344056424695,-1.071999999999997,3.5420000000000136,0.7,2.370000000000001,1.8250000000000064,0.5449999999999946,0.2,0.2,-0.9121822157393137,-0.2037900901646763,0.5142220714216225,0.9414774514242538,0.4442680008120315,2.0,0.18181818181818182,40.68000000000005,43.080000000000055,2.4000000000000057,154.68,-0.17240634564319107,-52.24909973144531,37.91858673095703,-17.778499603271484,2.751116991043091,-53.87273406982422,-7.62852144241333,-38.591796875,5.8873066902160645,-32.16082000732422,1.5362244844436646,-17.770946502685547,-4.989741325378418,-12.083361625671387,97.85575103759766,28.278179168701172,39.004310607910156,17.67414665222168,25.509801864624023,15.859681129455566,19.58995246887207,11.85438346862793,12.219874382019043,10.959707260131836,9.172099113464355,9.592439651489258,11.244596481323242,call_b0836ff3142a,synthetic,train
0.381711722935094,0.42543914289273743,17.0,11.0,3.6047058823529405,3.8331159458945736,6.209090909090915,4.792944539150428,1.8774999999999986,1.7999999999999985,0.8065009299436616,1.2839999999999971,2.6819999999999964,0.25,2.0550000000000104,1.7699999999999996,0.2850000000000108,0.125,0.0,-0.3066902781856794,0.6038584999650283,0.34913240613700214,0.4295610809662323,1.0633644102828095,0.0,0.0,30.95999999999995,31.119999999999948,0.1599999999999966,160.54,-0.453790909505865,-129.67381286621094,52.54279327392578,-15.432089805603027,1.7212775945663452,-41.76010513305664,-7.887815475463867,-26.347631454467773,14.610374450683594,-25.15878677368164,-0.05973095819354057,-29.073719024658203,-9.896753311157227,-18.43235969543457,93.39981842041016,29.60257911682129,40.31517791748047,17.04353141784668,25.221900939941406,13.560789108276367,18.618160247802734,10.802197456359863,12.361848831176758,10.64275074005127,9.265894889831543,8.891695022583008,8.773038864135742,call_b167dd907a80,synthetic,train
0.3538611925708702,0.45280764635603454,12.0,21.0,5.430000000000002,4.111751451632259,3.9704761904762,2.7153434864549104,2.304999999999999,2.280000000000004,0.29677432503502277,1.998000000000006,2.69399999999998,0.875,2.4900000000000055,2.0400000000000063,0.4499999999999993,0.0,0.0,0.3477929199938732,-1.0654099104148274,-0.06867001304724502,0.12875241861443404,0.7572286281537806,0.0,0.0,35.59999999999977,35.59999999999977,0.0,184.14,-2.016215753498857,-66.950439453125,79.65437316894531,-21.38990020751953,13.089692115783691,-48.42192840576172,-5.611043453216553,-36.14414978027344,-0.5964699387550354,-14.985471725463867,-4.403972625732422,-8.448296546936035,-9.555429458618164,-10.15461540222168,67.19004821777344,24.5725154876709,30.573223114013672,27.89324188232422,20.937808990478516,13.43431568145752,13.997718811035156,13.75532054901123,9.963644027709961,10.229175567626953,8.198348999023438,8.317024230957031,6.868057727813721,call_b2594d9c3ffd,synthetic,train
0.18045592220628076,0.6005101227482859,8.0,15.0,2.829999999999998,1.6102484280383573,5.022666666666663,3.2718750315716867,1.2750000000000026,1.5800000000000054,0.9010965542049317,0.6200000000000025,1.8240000000000007,0.0,1.7250000000000023,1.3700000000000028,0.35499999999999954,0.125,0.125,-2.0862529338647784,2.687468007248767,0.4500782725421431,0.7067423949005391,0.5689923771976558,1.0,0.125,27.48000000000006,28.54000000000005,1.0600000000000023,125.46,-0.17240634564319107,-110.92247009277344,96.2128677368164,-8.465058326721191,1.5717719793319702,-16.368453979492188,-18.797210693359375,-32.99181365966797,-22.429039001464844,-10.535163879394531,-11.894641876220703,-4.064730644226074,-1.9065501689910889,-8.854517936706543,87.50001525878906,34.20368957519531,31.539403915405273,23.121912002563477,17.53544044494629,14.439775466918945,11.280462265014648,12.215476036071777,10.592541694641113,8.742155075073242,9.92904281616211,7.534976959228516,6.894532203674316,call_b382ffa5187d,human,train
0.26812282367837875,0.4404874960430511,14.0,18.0,2.4199999999999955,1.6571059109181896,3.092222222222219,2.268853248169301,1.7533333333333383,2.240000000000009,1.9051275839457857,-0.6039999999999934,3.631999999999999,0.5555555555555556,2.9000000000000057,-0.3599999999999959,3.2600000000000016,0.3333333333333333,0.3333333333333333,-0.11156379683438652,-1.0482400286184885,0.11991463166023714,1.0865746670299652,0.6847545083609249,3.0,0.21428571428571427,36.82000000000012,38.44000000000011,1.6199999999999903,126.36,-1.357156512608784,-55.410552978515625,52.55769348144531,-6.910717964172363,4.48933219909668,-38.93564224243164,-2.562262773513794,-35.84260177612305,8.764351844787598,-29.733657836914062,5.818000793457031,-20.845666885375977,-0.13851533830165863,-14.090182304382324,62.66236114501953,28.210248947143555,40.250431060791016,18.296829223632812,24.135765075683594,15.35704231262207,17.840232849121094,10.428629875183105,11.419840812683105,9.967975616455078,9.652244567871094,10.271574020385742,11.305373191833496,call_b3f14bd5c2b6,synthetic,train
0.5047591987498218,0.5344509163233412,30.0,17.0,2.368666666666664,2.427518257169018,4.425882352941175,3.3264555572552683,-1.5514285714285718,-0.7499999999999929,3.3115185492521175,-5.884,1.274000000000004,0.07142857142857142,1.0400000000000005,-2.905000000000001,3.9450000000000016,0.5714285714285714,0.5,-1.0127423907568953,0.20362729735127783,-0.8493405944269459,2.1344963010887055,1.0248458722815261,7.0,0.23333333333333334,-5.5199999999998965,28.08000000000007,33.599999999999966,140.78,-0.17240634564319107,-254.75889587402344,87.623779296875,10.599305152893066,-10.946770668029785,-11.965714454650879,-15.364809036254883,-14.42326831817627,-12.390793800354004,-19.688610076904297,-8.032750129699707,-15.686774253845215,-8.448341369628906,-12.208761215209961,79.72773742675781,34.46015548706055,37.44961166381836,28.714176177978516,27.6009521484375,19.784286499023438,22.007070541381836,14.089431762695312,9.717260360717773,10.906743049621582,8.484112739562988,8.710491180419922,7.39872407913208,call_b41c86402714,human,train
0.30910966981132104,0.4038915094339618,19.0,15.0,2.207368421052634,1.2956804434868772,3.6533333333333293,3.5845644396805376,3.826666666666665,5.379999999999988,3.1378265655634237,-0.48999999999999844,6.590000000000005,0.6666666666666666,6.1000000000000005,1.599999999999996,4.500000000000004,0.16666666666666666,0.16666666666666666,-0.6972440146862787,-1.27868875051339,0.74933162079269,0.8199895204033368,0.5869796951620893,1.0,0.05263157894736842,38.940000000000026,40.76000000000002,1.8199999999999932,135.68,-1.0454779796103157,-99.01477813720703,77.70225524902344,16.956077575683594,33.086181640625,-38.43442916870117,-2.6058149337768555,-21.269174575805664,2.4727213382720947,-13.299301147460938,-0.8048077821731567,-8.143081665039062,-7.995517730712891,-12.010167121887207,88.62992858886719,23.02175521850586,29.852848052978516,19.178403854370117,16.33131980895996,11.59642219543457,11.872306823730469,12.047088623046875,12.575250625610352,10.032234191894531,10.720393180847168,9.089412689208984,8.878939628601074,call_b5840ec7dd5e,synthetic,train
0.1609396914446001,0.6123772791023839,10.0,14.0,1.8359999999999979,1.2849217875030359,4.989999999999997,2.5622060807046734,0.6628571428571455,1.1600000000000037,1.6436693644379472,-0.6639999999999981,1.5280000000000071,0.0,1.5100000000000051,1.1300000000000026,0.38000000000000256,0.14285714285714285,0.14285714285714285,-1.9919667496058417,2.059693868026172,-0.4479456982151156,2.4796736064025584,0.6998484677577281,1.0,0.1,25.860000000000056,26.120000000000076,0.2600000000000193,114.08,-0.453790909505865,-132.44873046875,78.00822448730469,13.290058135986328,20.64836883544922,-19.82752227783203,-17.210182189941406,-30.508901596069336,-2.6623899936676025,-20.70743751525879,2.681455135345459,-2.406932830810547,-0.6776421070098877,-2.5393357276916504,67.67874908447266,28.86357307434082,28.310392379760742,26.060009002685547,18.306610107421875,14.44711971282959,13.046058654785156,11.336225509643555,11.371133804321289,7.4891252517700195,8.528843879699707,7.109587669372559,6.895426273345947,call_b5c4803ea37c,human,train
0.242561205273071,0.5795354676710613,25.0,24.0,1.5456000000000085,1.2960187652962392,3.84666666666667,2.556225516046832,-0.5885714285714402,-0.2600000000000051,1.9457751196699409,-3.344000000000011,1.2200000000000037,0.0,0.9400000000000013,-1.2150000000000205,2.1550000000000216,0.5714285714285714,0.5714285714285714,-0.7948135871951075,-0.3456750493708749,-0.23449086809410116,3.3059285957640334,0.8385214573354752,8.0,0.32,28.33999999999972,35.7199999999999,7.38000000000018,159.3,-0.17240634564319107,-174.62001037597656,84.15900421142578,-25.751981735229492,-6.26698637008667,-26.652240753173828,-13.049355506896973,-21.937192916870117,-7.860416889190674,-13.60597038269043,-5.636594295501709,-7.549584865570068,-8.92707347869873,-11.279043197631836,115.1022720336914,35.404537200927734,44.107582092285156,19.28285026550293,23.760807037353516,14.246455192565918,15.41181755065918,11.66855525970459,9.576001167297363,7.709432125091553,7.040048122406006,6.749364376068115,6.556283950805664,call_b5cc1f8d8fee,human,val
0.2236939705414863,0.5826004026703407,24.0,29.0,1.7591666666666719,1.3152373571167864,3.7917241379310385,2.675459443580665,0.15749999999999306,0.8600000000000101,1.3418993069526577,-1.4800000000000182,1.3900000000000023,0.0625,1.1700000000000008,-1.1900000000000333,2.360000000000034,0.4375,0.4375,-0.045302127200108025,-1.4173944761894097,-0.07443746050269416,8.51999554560458,0.7476479524599533,7.0,0.2916666666666667,36.559999999999775,44.57999999999987,8.020000000000095,188.74,-0.17240634564319107,-142.92483520507812,80.28964233398438,-32.08762741088867,-8.775670051574707,-32.52311325073242,-7.26596212387085,-27.96181869506836,-9.318236351013184,-13.066292762756348,-4.068279266357422,-8.575173377990723,-8.826692581176758,-9.603540420532227,105.64764404296875,34.33454895019531,41.42963409423828,21.136903762817383,24.928964614868164,14.017793655395508,15.393481254577637,11.494782447814941,11.236315727233887,7.565418720245361,7.432422637939453,6.716843605041504,7.382740020751953,call_b658b1155216,human,val
0.5169928912260231,0.3957542117051329,75.0,16.0,1.4157333333333417,1.8175625974242395,5.0800000000000125,4.0430124907054115,-3.917333333333347,-3.4200000000000443,3.745930176723649,-9.011999999999992,0.1079999999999983,0.0,-1.3200000000000358,-5.380000000000011,4.059999999999976,0.9333333333333333,0.8666666666666667,-0.8986739051296292,0.10078400206088878,-0.9647793953153938,0.9562449393551883,1.283831180170746,13.0,0.17333333333333334,17.919999999999163,49.239999999999554,31.32000000000039,205.38,-0.17240634564319107,-104.17373657226562,80.61463928222656,-25.586181640625,20.447011947631836,-39.264686584472656,-7.151470184326172,-25.332300186157227,6.471068859100342,-13.433855056762695,-1.9685850143432617,-10.18244743347168,-6.957266330718994,-13.092219352722168,73.10405731201172,20.171106338500977,29.415813446044922,20.356218338012695,17.517284393310547,13.188888549804688,12.676416397094727,11.964529991149902,10.10058307647705,10.416600227355957,10.377784729003906,9.46256160736084,8.550158500671387,call_b712f501aeb8,synthetic,val
0.2297676793464382,0.47983150370181293,18.0,21.0,1.9999999999999964,1.2962510044997702,3.5800000000000023,2.669995541283954,2.4485714285714315,3.480000000000004,2.7067293314015375,0.11199999999999832,4.056000000000005,0.8571428571428571,3.8800000000000017,2.9600000000000044,0.9199999999999973,0.14285714285714285,0.14285714285714285,-1.9380632259416062,1.940776317616419,-0.2789919412775476,1.105432048545666,0.6481255019258234,1.0,0.05555555555555555,45.50000000000003,46.640000000000015,1.1399999999999864,156.68,-0.453790909505865,-129.42881774902344,90.1397476196289,6.263128757476807,24.615001678466797,-30.58292007446289,-4.721246242523193,-30.450273513793945,-5.752920627593994,-20.899002075195312,-4.115030765533447,-8.203324317932129,-5.757939338684082,-8.491368293762207,86.13822937011719,26.681297302246094,34.74784469604492,23.098031997680664,21.57408905029297,16.229093551635742,15.186454772949219,15.358071327209473,11.711353302001953,10.475603103637695,10.35648250579834,9.011869430541992,9.414883613586426,call_b72eccd91b8c,synthetic,train
0.21092928989641146,0.5730370815192911,16.0,19.0,1.7562499999999959,1.044562557963859,4.017894736842103,4.288039153085398,0.904444444444448,1.240000000000002,1.1158167025010204,0.27599999999999647,1.4840000000000118,0.0,1.360000000000003,0.960000000000008,0.399999999999995,0.1111111111111111,0.1111111111111111,-2.1317694854658065,3.2632526299136977,0.20501823365829028,1.233703969460173,0.5947687159396969,1.0,0.0625,28.7800000000001,31.640000000000114,2.8600000000000136,133.22,-1.6804367023188145,-175.1176300048828,55.358062744140625,-1.1225802898406982,4.639572620391846,-29.842744827270508,-20.938535690307617,-21.493642807006836,-16.375606536865234,-9.881322860717773,0.6861838102340698,-4.381218433380127,-4.395302772521973,-10.938462257385254,103.044189453125,38.041168212890625,39.046024322509766,25.901248931884766,20.091365814208984,15.73165512084961,13.537524223327637,13.236522674560547,11.773754119873047,8.698709487915039,9.823545455932617,8.843099594116211,8.504396438598633,call_b78e6c8e05d3,human,train
0.20475297060662884,0.6248905565978741,10.0,21.0,3.273999999999995,2.817162402134459,4.758095238095241,3.277001560729711,1.1980000000000044,1.6700000000000053,1.661359684114189,-1.1619999999999877,2.5240000000000062,0.4,2.0850000000000044,-0.2799999999999967,2.365000000000001,0.3,0.3,-0.2910914114262494,-0.9512235609727147,0.18418010210831984,1.3867776984368991,0.8604649973347581,3.0,0.3,27.23999999999998,29.17999999999998,1.9399999999999693,159.9,-0.17240634564319107,-65.23269653320312,81.24165344238281,3.5429458618164062,28.082942962646484,-30.923702239990234,1.4249818325042725,-19.206462860107422,6.749330043792725,-10.584493637084961,3.43019437789917,-5.6212310791015625,-9.140238761901855,-12.221450805664062,89.49040222167969,23.125110626220703,28.277530670166016,19.725603103637695,19.926607131958008,14.526358604431152,14.006203651428223,14.727514266967773,12.319506645202637,12.523681640625,11.254446983337402,10.977255821228027,10.088180541992188,call_b7c3a7552903,synthetic,train
0.2016949152542371,0.5314329738058545,15.0,21.0,1.7453333333333318,1.3514726124573226,3.284761904761901,2.5784816851111274,0.8800000000000017,1.7600000000000016,2.050105688332516,-1.3759999999999963,2.375999999999996,0.3333333333333333,2.1449999999999987,-1.2799999999999994,3.424999999999998,0.3333333333333333,0.3333333333333333,-0.23550745673735532,-0.8107174957557133,0.053795776529685285,2.329665552275962,0.7743349570376177,4.0,0.26666666666666666,34.640000000000114,38.3600000000001,3.7199999999999847,129.8,-0.17240634564319107,-109.60408782958984,106.75244903564453,23.70398712158203,32.42756652832031,-12.131650924682617,-5.6314239501953125,-21.278291702270508,-6.312162399291992,-10.488085746765137,-3.4393503665924072,-3.594867706298828,-1.969847559928894,-11.482300758361816,99.71884155273438,27.769567489624023,28.87704086303711,23.65736961364746,18.886913299560547,14.605609893798828,13.532516479492188,15.980481147766113,13.597184181213379,10.401310920715332,11.333507537841797,8.755297660827637,8.057794570922852,call_b956718b62ae,synthetic,train
0.24865883717558346,0.5857619254748438,19.0,22.0,1.805263157894736,2.424044832877593,3.6727272727272706,2.6472870878731367,-0.49818181818181695,-0.7999999999999972,1.1678559856873572,-1.9200000000000008,1.0400000000000063,0.0,0.8300000000000018,-1.4500000000000028,2.2800000000000047,0.6363636363636364,0.6363636363636364,0.2180971403783226,-1.6032298981032618,-0.3879917176414344,2.344236462915029,1.342765358576144,7.0,0.3684210526315789,22.84000000000006,28.360000000000056,5.519999999999996,137.94,-3.10925519794408,-178.3623046875,70.65170288085938,-1.5050636529922485,-7.284872055053711,-35.910789489746094,-12.027283668518066,-24.034507751464844,-8.918743133544922,-19.14153289794922,-8.738899230957031,-10.030134201049805,-3.1592700481414795,-6.55602502822876,88.0503158569336,32.223079681396484,42.730506896972656,22.5821475982666,22.577749252319336,14.017744064331055,16.694530487060547,12.672183990478516,11.069117546081543,11.302814483642578,9.654640197753906,9.761221885681152,9.08128547668457,call_b96e9305d9a2,human,train
0.24107359727957306,0.5666747631770709,30.0,22.0,1.3233333333333366,1.2250723334653424,4.241818181818183,3.3013160411123668,-0.2787500000000006,0.7399999999999913,2.024271087947466,-3.3700000000000117,1.6700000000000008,0.0,1.115000000000002,-1.3049999999999926,2.4199999999999946,0.4375,0.4375,-1.0471761611933168,-0.021750392930932172,-0.007639716209273822,7.261959033849336,0.9257473545639234,7.0,0.23333333333333334,31.659999999999883,36.47999999999993,4.82000000000005,164.68,-7.743598774618494,-216.61788940429688,113.35409545898438,4.596896171569824,-8.122244834899902,-19.164609909057617,-23.9571475982666,-22.580968856811523,-12.909667015075684,-12.80213451385498,-9.29843807220459,-8.337255477905273,-11.313811302185059,-9.838374137878418,93.38346862792969,35.92725372314453,33.947208404541016,24.337678909301758,19.509431838989258,17.21278190612793,17.136871337890625,12.328575134277344,9.80677318572998,9.252985000610352,8.450051307678223,7.389031410217285,6.780624866485596,call_bac44092a11a,human,train
0.2900804289544233,0.47171581769436977,14.0,14.0,3.0914285714285685,2.233136350334138,5.027142857142855,4.842423284400707,1.2800000000000036,1.9599999999999937,2.5953805116013324,-1.7839999999999938,3.1680000000000015,0.4444444444444444,2.6200000000000045,1.6200000000000045,1.0,0.2222222222222222,0.2222222222222222,-1.4957353489957987,1.2692235759972794,-0.09345967320804494,2.0276410231044406,0.7223638838855099,2.0,0.14285714285714285,35.54000000000006,37.36000000000007,1.8199999999999932,149.2,-1.357156512608784,-164.07115173339844,67.28167724609375,-29.713998794555664,12.86061954498291,-42.641502380371094,-10.08461856842041,-35.436580657958984,-8.258150100708008,-21.737682342529297,-8.530054092407227,-12.441969871520996,-9.137030601501465,-10.65614128112793,91.06270599365234,28.236534118652344,36.19296646118164,23.23479461669922,26.27716064453125,13.31998062133789,16.157005310058594,14.226558685302734,11.446693420410156,10.02048397064209,10.600919723510742,9.55932903289795,7.857348918914795,call_bba20372ca37,synthetic,train
0.26852846401718544,0.49033297529538084,15.0,17.0,1.9999999999999971,1.2695826085765343,3.2223529411764673,3.0122485824532057,0.022857142857145924,2.1600000000000037,4.450764667161026,-4.947999999999999,2.5599999999999996,0.7142857142857143,2.470000000000006,0.4300000000000015,2.0400000000000045,0.2857142857142857,0.2857142857142857,-1.7414377406401673,1.3885742081610521,-0.786363790265729,194.7209456692274,0.6347913039708725,2.0,0.13333333333333333,26.940000000000097,28.540000000000106,1.5999999999999943,111.72,-0.453790909505865,-220.72305297851562,121.50764465332031,0.8944913148880005,13.14885425567627,-17.884906768798828,1.6342099905014038,-12.16722583770752,1.2760852575302124,-16.607982635498047,2.764268398284912,-12.757623672485352,-0.9376766681671143,-9.3720121383667,51.71474838256836,19.273727416992188,22.520599365234375,12.4965181350708,16.591279983520508,11.835896492004395,12.814274787902832,9.189023971557617,9.636663436889648,8.121199607849121,7.4538655281066895,7.971776008605957,6.085902690887451,call_bc24a38d8bf2,synthetic,train
0.16941372835384946,0.5995201335280624,18.0,33.0,1.8044444444444454,1.0916970592320037,3.4830303030303074,2.4315059367177927,0.5185714285714266,1.1400000000000006,1.6223169372530053,-2.4520000000000115,1.7740000000000018,0.0,1.4350000000000058,0.8550000000000004,0.5800000000000054,0.21428571428571427,0.21428571428571427,-1.4169624589081458,0.4088001910977246,-0.5283394183123472,3.1284348591933986,0.6050045275642233,3.0,0.16666666666666666,44.29999999999984,48.2999999999999,4.000000000000057,191.72,-3.506464564079912,-164.099365234375,102.09231567382812,22.378538131713867,10.717936515808105,-21.705631256103516,-12.896888732910156,-16.169544219970703,-4.455045223236084,-16.782258987426758,0.6001326441764832,-15.178417205810547,-10.235403060913086,-6.147586822509766,94.18927764892578,27.266963958740234,30.61089515686035,18.93849754333496,19.806013107299805,13.89604663848877,15.680462837219238,11.053311347961426,8.840617179870605,9.506714820861816,7.897207260131836,8.511836051940918,6.899073600769043,call_bc2c7c34acea,human,val
0.27116267210606804,0.5177205507394187,25.0,23.0,1.701599999999998,0.9970182746569887,3.531304347826087,4.17861564796996,0.8200000000000006,1.2500000000000036,1.5287903715029088,-1.2000000000000017,2.6180000000000074,0.2,1.5799999999999983,0.1999999999999993,1.379999999999999,0.3,0.3,-0.7960158043659387,-0.17735403916897274,-0.3338590263708021,1.864378499559182,0.5859298742777738,3.0,0.12,33.12000000000005,37.60000000000002,4.479999999999976,156.88,-0.17240634564319107,-132.6287841796875,82.10247039794922,-23.01030731201172,17.47771644592285,-37.14167022705078,-12.786711692810059,-36.86876678466797,-18.73413848876953,-11.232305526733398,-20.132160186767578,-4.545520782470703,-6.377921104431152,-9.05248737335205,94.27978515625,29.498470306396484,36.6332893371582,29.086252212524414,18.59139633178711,15.831058502197266,12.563788414001465,13.110215187072754,11.58046817779541,8.659056663513184,9.41293716430664,8.180932998657227,8.2352933883667,call_bc7120020303,human,train
0.231909456005843,0.5567725447243532,31.0,40.0,2.049032258064529,1.4039101038188204,3.8125000000000084,2.8555163718669148,0.9811764705882242,0.9399999999999693,2.506935983961634,-1.676000000000033,3.5159999999999947,0.17647058823529413,1.7599999999999625,-0.6800000000000068,2.4399999999999693,0.29411764705882354,0.29411764705882354,0.5008167656544021,0.5123659386032782,-0.3932226246982061,2.5550306764935695,0.6851576384940692,5.0,0.16129032258064516,57.87999999999926,65.73999999999941,7.860000000000156,273.9,-1.0454779796103157,-148.26182556152344,85.38982391357422,-10.057085037231445,5.112578868865967,-38.54212951660156,-27.887195587158203,-19.512371063232422,-19.033458709716797,-16.46853256225586,-12.530936241149902,-4.85418701171875,-3.5405383110046387,-9.01583194732666,96.12285614013672,33.624080657958984,35.37350845336914,28.73824119567871,18.905031204223633,17.899442672729492,12.837398529052734,12.946261405944824,9.311552047729492,9.662994384765625,8.673656463623047,7.859955787658691,9.90579605102539,call_bd2262567810,human,train
0.2318802173048899,0.5412746786802703,22.0,18.0,1.5909090909090944,1.6350226828866046,4.538888888888889,5.309871194178391,-1.1959999999999995,0.9600000000000009,5.583739248926295,-5.431999999999996,2.4760000000000058,0.2,1.3299999999999965,-0.6900000000000008,2.0199999999999974,0.4,0.4,-2.1159780781483586,3.312260573493946,-0.906823432256742,4.668678297874263,1.0277285428827199,4.0,0.18181818181818182,34.239999999999924,39.359999999999985,5.120000000000061,150.94,-3.922712603739859,-222.10647583007812,66.29373168945312,9.692875862121582,-12.140551567077637,-41.32017135620117,-8.482038497924805,-19.89962387084961,-7.053952217102051,-18.192564010620117,-4.405933380126953,-11.747039794921875,-10.35055923461914,-8.82238483428955,114.71905517578125,30.3510684967041,38.587684631347656,21.089908599853516,25.64565086364746,16.794973373413086,15.472142219543457,12.512393951416016,9.657766342163086,8.782806396484375,8.800809860229492,7.57073974609375,7.302499294281006,call_bd98a8224da0,human,val
0.23484320557491248,0.5672473867595816,17.0,17.0,1.982352941176467,1.6025844179352915,4.788235294117645,4.870424833860365,0.6420000000000018,1.2300000000000004,1.318072835620248,-1.2879999999999974,1.4099999999999966,0.0,1.350000000000002,0.9450000000000038,0.40499999999999825,0.2,0.2,-1.6437917229280923,1.1594249201691742,0.3867756099854723,2.0530729494815754,0.80842537362483,2.0,0.11764705882352941,28.40000000000009,30.920000000000087,2.519999999999996,143.5,-0.17240634564319107,-143.7218475341797,82.91876220703125,10.178597450256348,13.122794151306152,-26.862443923950195,-32.746177673339844,-25.276798248291016,-15.578169822692871,-5.587461948394775,-14.035059928894043,-3.78310489654541,-8.114383697509766,-10.025979995727539,109.69728088378906,33.645362854003906,32.87480926513672,21.45584487915039,20.65850257873535,18.225154876708984,13.014808654785156,13.960541725158691,11.489298820495605,9.7515230178833,9.18896770477295,8.7341947555542,7.871463298797607,call_bda847d77eef,human,train
0.2025589054978464,0.502660248289841,14.0,21.0,2.2842857142857134,1.8998823808921648,3.7790476190476237,2.766909750816063,2.3449999999999975,2.2399999999999984,0.6021696881555392,1.9099999999999924,2.4680000000000035,0.75,2.3599999999999994,2.1049999999999685,0.255000000000031,0.0,0.0,2.3599479146187146,4.97853941527185,0.6861415105664356,0.2567887794877403,0.8317183652547299,0.0,0.0,46.53999999999991,47.0599999999999,0.519999999999996,157.88,-1.357156512608784,-158.91453552246094,99.06922149658203,-4.91572904586792,4.178938865661621,-37.0794677734375,-1.3916124105453491,-14.417497634887695,3.6785218715667725,-12.762116432189941,1.2679626941680908,-6.530476093292236,-9.161865234375,-3.7405292987823486,67.64458465576172,30.010635375976562,25.849184036254883,13.157255172729492,26.078323364257812,14.742043495178223,16.049182891845703,9.50801944732666,10.497023582458496,7.018151760101318,8.318570137023926,7.305911540985107,6.391531467437744,call_bdfa814252df,synthetic,train
0.17835671342685355,0.594573762910436,19.0,22.0,1.2178947368421043,0.7916643291018587,3.506363636363635,3.0671122714942194,-1.0261538461538462,-0.9799999999999995,2.607201678373956,-3.612,1.2279999999999944,0.0,1.1400000000000006,-1.3399999999999999,2.4800000000000004,0.6153846153846154,0.6153846153846154,-1.5916771290892653,2.123521387386443,-0.69817373393737,2.5407512583082204,0.650026890258635,8.0,0.42105263157894735,29.46000000000005,36.04000000000006,6.5800000000000125,129.74,-0.17240634564319107,-151.12033081054688,80.7640609741211,-22.087854385375977,-13.573769569396973,-24.12746238708496,-17.2439022064209,-27.821483612060547,-4.046443939208984,-14.025182723999023,-3.8457608222961426,-7.943038463592529,-8.941486358642578,-10.706262588500977,102.14431762695312,35.54088592529297,46.867794036865234,19.29216957092285,24.425201416015625,15.672205924987793,14.547226905822754,9.736146926879883,10.409563064575195,7.69265604019165,7.222810745239258,7.690733909606934,7.44179630279541,call_be72006df132,human,val
0.2621709340064918,0.5161678086308461,26.0,26.0,1.6776923076923114,1.688324858669787,3.3030769230769295,2.497350548744333,-0.10000000000000002,1.1199999999999974,2.201480021647782,-2.227999999999999,1.5120000000000016,0.0,1.2950000000000088,-1.0299999999999905,2.3249999999999993,0.35714285714285715,0.35714285714285715,-1.679918332722067,2.216972796322379,-0.3911027214890875,22.014799996329813,1.006337604292746,5.0,0.19230769230769232,36.87999999999974,40.319999999999766,3.440000000000026,166.38,-2.729418803901351,-157.60342407226562,78.73565673828125,11.583491325378418,-17.791608810424805,-23.256235122680664,-7.8359761238098145,-14.196319580078125,-10.040467262268066,-11.314023971557617,-7.634838581085205,-10.577404022216797,-9.288951873779297,-6.480989456176758,100.06163024902344,30.195791244506836,35.643768310546875,24.358036041259766,23.040884017944336,11.369414329528809,13.490836143493652,9.115166664123535,10.222949981689453,9.186665534973145,8.349762916564941,8.182975769042969,8.556595802307129,call_bf0384ed27ed,human,val
0.26728295819935705,0.5687299035369777,24.0,16.0,1.6625000000000008,1.982912945643351,5.306250000000002,2.9569470636959356,-1.0963636363636362,-0.9000000000000004,3.1625515381421008,-3.4399999999999977,2.1400000000000006,0.18181818181818182,1.5200000000000031,-2.7200000000000104,4.2400000000000135,0.5454545454545454,0.5454545454545454,-0.9870176073316032,0.4117368616801538,-0.29349537475455867,2.884582660682645,1.1927295906469897,6.0,0.25,24.479999999999947,31.839999999999947,7.359999999999999,149.28,-2.729418803901351,-164.43968200683594,57.724483489990234,-20.753938674926758,1.3149210214614868,-24.54183578491211,-21.36403465270996,-21.124019622802734,-15.914231300354004,-7.776038646697998,-8.079353332519531,-12.527790069580078,-5.684122562408447,-11.401870727539062,104.3833236694336,31.04349136352539,34.415531158447266,20.4937686920166,22.165658950805664,16.373573303222656,12.078871726989746,12.752859115600586,10.7555513381958,8.94210433959961,8.810090065002441,7.70038366317749,8.052718162536621,call_bf4ed1a05c84,human,train
0.3879178501201667,0.38988420362683035,15.0,18.0,4.734666666666675,4.319959670593642,3.9655555555555617,3.1851377472780986,1.2879999999999907,2.649999999999988,3.015933686273624,-1.7520000000000138,4.521999999999998,0.6,3.810000000000006,-1.1700000000000301,4.980000000000036,0.4,0.4,-0.6132246775208328,-0.8911370584206209,0.16075080538702058,2.3415634192019272,0.9124105188005964,4.0,0.26666666666666666,40.67999999999978,44.55999999999983,3.8800000000000807,183.08,-0.17240634564319107,-137.5694122314453,60.15815734863281,-17.04753303527832,-4.309793949127197,-54.97171401977539,-13.288653373718262,-32.9859733581543,1.209813117980957,-22.17401885986328,-2.480360269546509,-19.68146324157715,-11.371010780334473,-13.419628143310547,90.0467758178711,27.963115692138672,38.609283447265625,20.468055725097656,27.86279296875,16.13352394104004,18.62296485900879,10.9609375,12.566709518432617,9.987688064575195,9.572264671325684,8.237131118774414,7.9075608253479,call_c04725672945,synthetic,val
0.23366336633663337,0.5108910891089103,9.0,15.0,2.359999999999997,2.307572076640055,3.095999999999997,2.7593545138914872,0.3225000000000031,2.4400000000000013,4.008471497965277,-3.8399999999999914,3.298000000000002,0.625,2.785000000000003,-1.3799999999999955,4.164999999999998,0.375,0.375,-1.4137096571386145,0.8400436339467694,-0.6569811451634197,12.429368947398043,0.977784777822997,3.0,0.3333333333333333,23.220000000000084,25.680000000000064,2.4599999999999795,90.9,-0.17240634564319107,-91.68385314941406,79.0276107788086,6.479831218719482,25.870763778686523,-28.928264617919922,0.6146155595779419,-19.441543579101562,3.7774507999420166,-9.289958000183105,0.3552107512950897,-6.074203968048096,-10.08311653137207,-13.013907432556152,120.3037338256836,26.75529670715332,33.27128601074219,20.858802795410156,19.21006202697754,14.310637474060059,15.417768478393555,14.462739944458008,13.539383888244629,11.109601974487305,10.929205894470215,9.032617568969727,10.349040031433105,call_c1cbe639d50f,synthetic,train
0.19076923076923036,0.5853393665158366,11.0,17.0,1.9163636363636323,1.8430571082123943,3.804705882352938,2.798188736953327,0.2240000000000027,1.5800000000000054,2.2559219844666623,-1.6719999999999948,1.9539999999999977,0.1,1.890000000000005,-1.1249999999999947,3.0149999999999997,0.4,0.4,-1.2352491565717192,0.5537676826406517,-0.21373862438361083,10.071080242837299,0.961747067350909,4.0,0.36363636363636365,24.740000000000094,28.360000000000085,3.619999999999976,110.5,-0.17240634564319107,-54.11070251464844,31.133342742919922,-18.79718589782715,1.6246485710144043,-58.51744079589844,-3.4695045948028564,-37.999183654785156,4.101086616516113,-32.61712646484375,0.9613850116729736,-19.43840789794922,-4.153409957885742,-12.101733207702637,93.27790832519531,27.5959415435791,42.19961166381836,16.56879425048828,25.99539566040039,15.762894630432129,18.9547176361084,12.087441444396973,11.543173789978027,11.159414291381836,10.363126754760742,11.143515586853027,10.202486038208008,call_c1d95df7a179,synthetic,train
0.2540780373221971,0.4764452564269867,22.0,17.0,1.7699999999999962,0.9919998167155262,4.295294117647058,5.6985799238748065,1.5000000000000024,2.3800000000000026,2.3199425280237724,-1.1980000000000017,4.1300000000000034,0.5,3.7250000000000023,-1.119999999999994,4.844999999999996,0.4166666666666667,0.4166666666666667,-0.15260350579885842,-1.7730950900238873,0.5420538188500496,1.54662835098476,0.5604518735339414,5.0,0.22727272727272727,41.3000000000001,47.92000000000007,6.619999999999976,153.26,-0.17240634564319107,-86.7394790649414,76.60399627685547,0.9993508458137512,30.03593635559082,-31.074609756469727,1.9946845769882202,-25.30938148498535,3.0923516750335693,-13.35098648071289,-2.73638916015625,-5.926069736480713,-8.868464469909668,-12.9716215133667,103.80360412597656,29.23877716064453,38.77267074584961,25.969226837158203,23.36823844909668,16.349523544311523,17.035799026489258,13.04403018951416,13.110496520996094,13.158395767211914,12.001632690429688,10.310338973999023,8.729292869567871,call_c21f9cf2390e,synthetic,val
0.23243528790279963,0.5842577918647652,24.0,18.0,1.4666666666666657,1.4142214190932818,4.915555555555558,3.1822043761138357,-0.3816666666666679,1.1600000000000037,2.601454187351545,-3.1059999999999994,1.900000000000002,0.0,1.6749999999999958,-2.2749999999999986,3.9499999999999944,0.4166666666666667,0.4166666666666667,-0.9546666531428945,-0.22580787794699297,-0.13377143687493617,6.816037154241483,0.9642418759970732,5.0,0.20833333333333334,27.759999999999977,32.56,4.800000000000026,151.44,-3.506464564079912,-231.99533081054688,72.30628204345703,22.707462310791016,-11.58852767944336,-29.810819625854492,-24.09136199951172,-25.505138397216797,-12.019047737121582,-20.590641021728516,-7.106851100921631,-11.760871887207031,-3.254140615463257,-5.5364484786987305,104.97383880615234,35.56285858154297,37.38808059692383,23.048097610473633,24.65390396118164,15.845760345458984,15.202604293823242,16.13882827758789,12.195524215698242,10.858809471130371,9.645620346069336,9.751662254333496,7.951846599578857,call_c337629bcbbb,human,train
0.2364789849325928,0.48485329103885755,13.0,20.0,2.29384615384615,1.896221094142195,3.056999999999997,2.3655128408021793,1.3916666666666717,1.6100000000000012,1.0966451365667704,-0.6639999999999913,2.416000000000007,0.25,1.8700000000000045,1.5200000000000027,0.35000000000000187,0.16666666666666666,0.16666666666666666,-1.2776263837383879,0.523355025718129,0.0039470565155951725,0.7880084807991075,0.826655741552718,2.0,0.15384615384615385,35.1400000000001,39.82000000000008,4.679999999999978,126.1,-0.17240634564319107,-70.62723541259766,77.3459243774414,5.989993572235107,28.005558013916016,-30.411821365356445,-0.6267654299736023,-20.458965301513672,6.2993645668029785,-12.887557983398438,1.6618735790252686,-5.016027927398682,-9.305940628051758,-13.605436325073242,103.96502685546875,24.62021255493164,30.53632164001465,20.25732421875,19.901649475097656,15.28049087524414,14.500725746154785,14.743619918823242,11.770984649658203,11.410752296447754,11.286909103393555,11.102463722229004,10.565362930297852,call_c3417b995627,synthetic,train
0.33009804892542444,0.48083589184906556,18.0,26.0,3.703333333333345,2.634044207846338,3.7346153846153958,3.235906995394065,1.2862499999999855,1.789999999999985,2.0811981975535203,-1.3700000000000188,2.6399999999999757,0.1875,1.9649999999999963,-0.8600000000000136,2.82500000000001,0.3125,0.3125,0.7076978375042424,1.0333859459920527,0.18593474074419974,1.6180355264804729,0.7112630622326913,5.0,0.2777777777777778,38.179999999999495,44.29999999999961,6.120000000000118,201.94,-0.17240634564319107,-111.88591766357422,107.22206115722656,23.669029235839844,31.106075286865234,-13.123724937438965,-6.296269416809082,-23.520570755004883,-10.052257537841797,-10.893721580505371,-4.182614803314209,-2.5659196376800537,-2.4226386547088623,-13.410964965820312,93.15047454833984,27.060373306274414,28.375587463378906,24.725540161132812,18.54275131225586,15.544807434082031,14.828851699829102,15.508426666259766,12.705024719238281,10.703949928283691,9.90045166015625,8.605620384216309,8.190388679504395,call_c3a3ab5fa472,synthetic,train
0.3700764818355647,0.3503824091778209,30.0,17.0,2.580666666666671,1.890689351062787,4.311764705882361,3.7714410341470863,4.734999999999994,4.489999999999995,1.0908139163028638,3.747999999999993,5.855999999999992,1.0,5.250000000000004,4.015000000000004,1.2350000000000003,0.0,0.0,0.8591513813733608,0.036495892385909556,0.3322143031762355,0.23037252715364154,0.7326360179527825,0.0,0.0,58.479999999999734,58.719999999999715,0.23999999999998067,209.2,-4.359916692464292,-133.16531372070312,70.63460540771484,-23.226882934570312,19.535476684570312,-42.0537223815918,-10.026022911071777,-33.847747802734375,-7.3097429275512695,-22.94938087463379,-8.407236099243164,-9.936558723449707,-9.481203079223633,-7.821132659912109,72.44274139404297,24.97188949584961,32.32597351074219,23.402673721313477,22.1524658203125,12.543365478515625,13.675690650939941,13.690528869628906,9.911657333374023,9.806472778320312,9.067732810974121,8.674546241760254,7.780949115753174,call_c3e9e24958f7,synthetic,train
0.1963612522537286,0.5194230454023927,12.0,17.0,1.9966666666666637,1.9214722364779437,3.728235294117644,4.785797905438077,0.7714285714285748,2.6000000000000085,4.361662293115284,-4.9079999999999995,4.024000000000002,0.7142857142857143,3.2500000000000018,0.020000000000003126,3.2299999999999986,0.2857142857142857,0.2857142857142857,-1.2768661302734825,0.20907206475019047,-0.09548361223742644,5.654006668931261,0.962340017787449,2.0,0.16666666666666666,34.68000000000008,35.64000000000007,0.9599999999999937,122.02,-0.17240634564319107,-143.84014892578125,62.68291091918945,-14.957487106323242,0.543196439743042,-57.78649139404297,-10.914237976074219,-28.430030822753906,2.9233222007751465,-21.907047271728516,-2.9726669788360596,-18.100576400756836,-12.561388969421387,-12.393052101135254,89.53082275390625,24.91416358947754,37.62397384643555,15.817317008972168,26.677793502807617,16.281234741210938,19.62016487121582,11.570943832397461,13.412388801574707,11.081464767456055,10.654507637023926,8.967334747314453,8.22231388092041,call_c49b6face6c3,synthetic,val
0.24963289280469894,0.5434316051056146,36.0,20.0,1.2277777777777776,1.1188017178886593,4.811000000000006,3.3722187058374535,0.22533333333333144,0.8200000000000074,1.5870386118666295,-2.2079999999999984,1.376000000000003,0.06666666666666667,1.1000000000000014,0.20999999999999996,0.8900000000000015,0.3333333333333333,0.2,-1.4498855705593066,0.9354237859776493,0.10807451898574523,7.043070731465557,0.911241217447671,3.0,0.08333333333333333,36.63999999999987,38.6999999999999,2.0600000000000307,177.06,-2.729418803901351,-177.83859252929688,51.86344528198242,-12.097047805786133,-3.900130271911621,-37.127174377441406,-13.828106880187988,-27.00380516052246,-0.5487821102142334,-19.723196029663086,-0.5865508317947388,-11.393826484680176,-7.244873046875,-8.83776569366455,124.21892547607422,39.52244186401367,46.66621780395508,21.858619689941406,25.591402053833008,15.214235305786133,15.176254272460938,12.957267761230469,10.86591625213623,10.04367733001709,9.301944732666016,9.025775909423828,10.177294731140137,call_c4fc8a865292,human,val
0.17281303602058334,0.5551743853630648,18.0,16.0,1.3433333333333344,1.2036656974056812,4.855000000000001,4.212478486591953,0.6836363636363625,1.2000000000000028,1.38395528518987,-1.2599999999999945,1.8800000000000097,0.09090909090909091,1.6100000000000012,-0.050000000000018474,1.6600000000000197,0.2727272727272727,0.2727272727272727,-0.9171551844138864,-0.7424444649358879,-0.3178451220612683,2.0244026748431074,0.8960290544736857,3.0,0.16666666666666666,38.059999999999945,41.239999999999995,3.1800000000000495,139.92,-3.506464564079912,-175.76345825195312,76.90216827392578,2.444958448410034,10.132941246032715,-23.494104385375977,-24.47443962097168,-20.656286239624023,-17.427894592285156,-11.066238403320312,-6.673968315124512,-5.424536228179932,-5.432916641235352,-8.171627044677734,95.1263427734375,31.944080352783203,34.53451156616211,26.02070426940918,18.986989974975586,15.348673820495605,12.846277236938477,13.528205871582031,10.180277824401855,10.194343566894531,10.018556594848633,8.614262580871582,7.925929069519043,call_c509bc8280ae,human,train
0.5062645687645686,0.4449300699300694,45.0,15.0,1.5444444444444438,1.9191752343772355,4.071999999999995,3.2680824143014933,-3.621666666666664,-3.259999999999991,4.01480143413788,-8.904,1.5640000000000005,0.08333333333333333,-1.790000000000001,-4.935,3.1449999999999987,0.75,0.75,-0.3752115585173494,-0.6912326372477064,-0.9862706187883366,1.1085507868465712,1.2426314459144923,9.0,0.2,6.700000000000102,26.660000000000068,19.959999999999965,137.28,-0.17240634564319107,-133.05189514160156,85.55047607421875,-20.792570114135742,14.107745170593262,-48.994224548339844,-16.686098098754883,-32.08445739746094,3.4251763820648193,-10.140294075012207,-3.481424570083618,-6.04914665222168,-11.530953407287598,-12.181108474731445,68.70389556884766,17.218843460083008,27.657316207885742,14.672779083251953,17.264062881469727,13.727689743041992,14.469118118286133,13.076760292053223,9.569809913635254,8.689295768737793,10.24793815612793,9.359394073486328,7.166101455688477,call_c5b04c36bb62,synthetic,train
0.17372262773722646,0.5699270072992699,16.0,21.0,1.4875000000000016,1.2816956542018825,3.7180952380952372,1.8298780054252866,0.6093333333333315,1.0399999999999991,1.4271999003487796,-1.2319999999999995,2.0320000000000022,0.13333333333333333,1.7200000000000006,-0.410000000000025,2.1300000000000257,0.3333333333333333,0.26666666666666666,-0.7930247098169592,-0.506251900714509,0.095706444076264,2.3422317800982806,0.8616441366993189,4.0,0.25,35.11999999999999,38.00000000000003,2.880000000000038,137.0,-3.506464564079912,-157.46725463867188,44.46990966796875,-16.70705795288086,-1.718328833580017,-28.847829818725586,-19.0820369720459,-21.383859634399414,-16.003204345703125,-18.890289306640625,0.17020244896411896,-8.312435150146484,-10.628670692443848,-6.259814262390137,92.98046112060547,30.471059799194336,43.15229415893555,20.692012786865234,25.18117904663086,13.398333549499512,15.103342056274414,11.706615447998047,8.388063430786133,9.111295700073242,8.657548904418945,7.272281646728516,7.339236259460449,call_c647ee088162,human,train
0.13855506857062036,0.5742966209529192,14.0,26.0,1.399999999999997,1.0667708282475665,3.1246153846153826,2.467395435816157,1.8555555555555574,2.1599999999999966,2.2094901931396413,-0.15999999999999714,3.8120000000000034,0.6666666666666666,2.719999999999999,1.88,0.839999999999999,0.1111111111111111,0.1111111111111111,-1.3608487311580346,1.5405864039223216,-0.26488155846047157,1.1907432172179677,0.7619791624897069,1.0,0.07142857142857142,40.62000000000009,42.32000000000008,1.6999999999999886,141.46,-2.365499148623004,-154.4464111328125,87.68463134765625,6.340087413787842,20.184446334838867,-25.8964786529541,-6.419981956481934,-27.37210464477539,-3.086740255355835,-22.04700469970703,0.6810082793235779,-12.094295501708984,-3.8741657733917236,-7.474566459655762,117.80347442626953,40.55653381347656,35.1347770690918,27.53087615966797,22.530014038085938,14.013593673706055,15.457990646362305,14.407800674438477,11.552101135253906,11.257896423339844,10.800646781921387,9.023880958557129,9.113801956176758,call_c67ce09b3316,synthetic,train
0.18460690668625973,0.5503306392358557,14.0,16.0,1.4357142857142828,0.7691991594761257,3.7449999999999974,1.9623773847045844,1.4075000000000026,1.8700000000000045,1.4406921079814388,0.010000000000003562,2.396000000000002,0.25,2.030000000000004,1.495000000000001,0.5350000000000028,0.125,0.125,-1.7267400923331624,1.8616311071140865,0.4831933526590641,1.0235823140020275,0.5357606082171708,1.0,0.07142857142857142,28.86000000000007,30.82000000000008,1.960000000000008,108.88,-3.506464564079912,-175.41966247558594,73.99227142333984,-10.290048599243164,-0.7406884431838989,-20.615169525146484,-18.349571228027344,-15.558244705200195,-12.71599006652832,-10.743224143981934,-7.79081392288208,-8.543435096740723,-0.8831368684768677,-10.090649604797363,100.13748168945312,34.95000457763672,33.928436279296875,29.249801635742188,16.88334846496582,15.267269134521484,13.256486892700195,12.334416389465332,11.01444149017334,9.436324119567871,8.374247550964355,8.68628978729248,9.235038757324219,call_c6daaae3eb0f,human,train
0.36345488421613037,0.43731700825126507,26.0,18.0,2.1007692307692336,1.8102909308831707,3.6511111111111174,2.2461742509057716,-0.1283333333333362,0.8300000000000036,1.7670211908432032,-2.6900000000000195,1.5260000000000062,0.0,1.3400000000000016,-1.4300000000000255,2.770000000000027,0.4166666666666667,0.4166666666666667,-0.8077213966442391,-0.7217101485667894,0.11788752707775349,13.768996184993512,0.8617276488567824,5.0,0.19230769230769232,29.939999999999827,34.73999999999994,4.800000000000111,150.28,-2.365499148623004,-182.1075439453125,85.42154693603516,2.693974018096924,-1.9932918548583984,-26.50432777404785,-17.757368087768555,-30.591081619262695,-21.21418571472168,-11.003251075744629,-3.6848764419555664,-4.803605556488037,-6.617090225219727,-10.928716659545898,83.54660034179688,31.886384963989258,35.27561950683594,23.648242950439453,19.579965591430664,15.28147029876709,14.430401802062988,12.899296760559082,11.826130867004395,10.37315559387207,9.9254789352417,7.33840799331665,7.761679649353027,call_c6e878157063,human,train
0.30794291033198856,0.5060502637294438,15.0,21.0,2.646666666666664,3.177157359793325,3.1066666666666616,3.249711098270464,0.26666666666667066,-0.4099999999999966,1.5957930804322844,-1.3119999999999934,2.2700000000000147,0.25,2.0300000000000047,-1.2099999999999955,3.24,0.5833333333333334,0.5,0.26042757484784584,-1.7552479622028112,-0.07869280429668674,5.984224029180136,1.2004372891408908,6.0,0.4,23.980000000000132,32.760000000000076,8.779999999999959,128.92,-0.17240634564319107,-56.928192138671875,77.9391098022461,-23.073623657226562,18.59521484375,-44.678497314453125,-3.244307041168213,-33.326377868652344,-2.5389575958251953,-14.169425010681152,0.3266500234603882,-4.7602996826171875,-7.668639659881592,-9.974437713623047,75.47799682617188,24.96729278564453,29.205781936645508,26.696788787841797,24.012346267700195,15.099830627441406,14.720637321472168,15.685596466064453,11.697410583496094,10.730329513549805,9.930472373962402,8.596948623657227,8.466419219970703,call_c87e905eb0d7,synthetic,train
0.4036036036036028,0.553480753480753,29.0,16.0,1.6993103448275828,1.748784663770189,4.223749999999996,2.437921437926169,-2.1784615384615345,-1.2999999999999972,2.7040762567588335,-4.595999999999991,0.8680000000000092,0.0,-0.4399999999999977,-4.060000000000002,3.6200000000000045,0.7692307692307693,0.7692307692307693,-0.8294395057652868,0.22455453798266056,-0.7894380558162266,1.2412779421514224,1.0291143510448715,10.0,0.3448275862068966,5.240000000000151,20.460000000000065,15.219999999999914,122.1,-1.6804367023188145,-216.19578552246094,52.75670623779297,-3.6437857151031494,-21.41554069519043,-52.561946868896484,-7.253408432006836,-25.822092056274414,2.8379337787628174,-8.51658821105957,-3.408535957336426,-7.104454040527344,-9.121541976928711,-8.398496627807617,129.60971069335938,33.57869338989258,47.50556945800781,24.179344177246094,25.976932525634766,16.62045669555664,17.71958351135254,14.405579566955566,13.013829231262207,10.330195426940918,8.83792781829834,10.633194923400879,10.779620170593262,call_ca184bb77a63,human,val
0.33038952846554104,0.47437312726699216,26.0,16.0,1.6115384615384583,1.482245418036415,3.7599999999999962,4.40364053937194,0.5000000000000032,0.10000000000000142,1.376904741318974,-1.1959999999999993,2.124000000000001,0.16666666666666666,1.8300000000000125,-0.6799999999999997,2.510000000000012,0.5833333333333334,0.5,0.13025297987861736,-1.5731530584279831,0.6629106618381456,2.753809477130311,0.9197704258957717,6.0,0.23076923076923078,24.760000000000133,30.1400000000001,5.379999999999967,126.82,-0.17240634564319107,-247.4178009033203,95.40142822265625,1.5112528800964355,1.5229789018630981,-34.202945709228516,-8.112430572509766,-23.67525863647461,-4.433568954467773,-24.4862003326416,-3.2364797592163086,-16.286182403564453,-4.811772346496582,-11.42102336883545,91.65653991699219,30.63520622253418,38.24442672729492,19.338134765625,21.040056228637695,17.228918075561523,16.365280151367188,11.890361785888672,12.045086860656738,10.821971893310547,9.519268035888672,9.813277244567871,8.393508911132812,call_ca5206a4f854,synthetic,train
0.20344287949921733,0.6070248652408271,10.0,21.0,2.3399999999999976,2.2037059694977454,3.324761904761902,2.563033208724566,0.8444444444444472,1.7800000000000011,1.3244295301173687,-0.9159999999999968,2.084000000000002,0.3333333333333333,2.020000000000003,-0.3999999999999986,2.4200000000000017,0.3333333333333333,0.3333333333333333,-0.48778921739365466,-1.4571833758656687,0.5577472689215217,1.5684033890711382,0.941754687417091,3.0,0.3,21.800000000000082,25.16000000000004,3.359999999999957,115.02,-0.17240634564319107,-43.01693344116211,35.34250259399414,-22.689903259277344,1.7278704643249512,-53.27075958251953,-5.286294937133789,-39.790855407714844,4.186708450317383,-33.82769012451172,1.8626998662948608,-17.875974655151367,-5.406500816345215,-11.94257926940918,81.8903579711914,26.71466064453125,37.677764892578125,19.048297882080078,26.276878356933594,15.598169326782227,17.05134391784668,12.766873359680176,11.277571678161621,10.25208854675293,9.389808654785156,10.446625709533691,8.941312789916992,call_cbad95f3aabc,synthetic,train
0.27375971309025854,0.5900777047220565,38.0,22.0,1.2052631578947435,1.4611436343568691,4.48727272727273,4.234926404660721,-2.7011111111111132,-1.4699999999999984,2.787300344397165,-7.663999999999996,-0.10999999999999782,0.0,-0.9350000000000023,-3.429999999999998,2.4949999999999957,0.8888888888888888,0.8888888888888888,-0.7967355219163276,-0.6102824150785171,-0.9134020565193329,1.031908806675742,1.2123025777181926,16.0,0.42105263157894735,22.77999999999969,39.87999999999994,17.10000000000025,167.3,-0.453790909505865,-230.36642456054688,53.12602615356445,-30.79029083251953,-17.93295669555664,-33.64631652832031,-13.048986434936523,-15.1262788772583,-4.572519779205322,-13.038549423217773,-1.4782757759094238,-10.557812690734863,-9.244908332824707,-11.163556098937988,103.01757049560547,36.26987838745117,45.776611328125,27.049896240234375,29.577259063720703,15.94835090637207,18.141386032104492,11.836738586425781,10.259538650512695,9.397577285766602,9.039389610290527,8.357666015625,8.419021606445312,call_cbb902adb22a,human,train
0.24851349291050415,0.5104436651928644,13.0,19.0,2.507692307692303,2.157727272443977,3.5242105263157875,2.829071478305715,1.831111111111114,2.200000000000003,1.3135570405450367,-0.29199999999999726,2.9640000000000044,0.7777777777777778,2.42,2.0999999999999943,0.3200000000000056,0.2222222222222222,0.2222222222222222,-1.0186331565838855,-0.2610349853817584,0.25288193294408506,0.7173551795175434,0.8604433905087727,2.0,0.15384615384615385,31.620000000000104,32.860000000000085,1.2399999999999807,131.18,-0.17240634564319107,-141.311279296875,108.61351013183594,25.042428970336914,35.273033142089844,-16.74852180480957,-1.2642912864685059,-21.58426856994629,-5.833371162414551,-5.695430278778076,-0.9776769280433655,-2.6810269355773926,-0.010906802490353584,-8.68487548828125,60.915103912353516,24.63202667236328,20.650371551513672,21.736562728881836,16.39228630065918,14.799036979675293,12.590310096740723,14.581628799438477,12.61068058013916,8.126358985900879,8.880271911621094,7.867665767669678,7.542815685272217,call_ce3072c8e106,synthetic,train
0.26961909132629697,0.46351537402478216,15.0,18.0,3.133333333333339,2.588617820811368,4.488888888888891,3.1231766038387003,2.2666666666666613,2.7799999999999727,3.75099394235122,0.32799999999998075,4.875999999999985,0.8888888888888888,3.66,2.3800000000000097,1.2799999999999905,0.1111111111111111,0.1111111111111111,-1.9002647228462644,2.7865287488233115,-0.08745552582931047,1.6548502679542847,0.8261546233995346,1.0,0.06666666666666667,46.51999999999988,47.49999999999987,0.9799999999999898,174.32,-0.17240634564319107,-106.2789077758789,80.88556671142578,-10.134661674499512,11.220091819763184,-48.269283294677734,-0.7607645988464355,-19.518301010131836,-2.5123980045318604,-15.273473739624023,-10.151758193969727,-11.432927131652832,-11.606208801269531,-5.050858497619629,70.1273193359375,21.836313247680664,31.7437801361084,13.8408842086792,26.042835235595703,15.5794038772583,16.7098331451416,10.643906593322754,11.969277381896973,9.856745719909668,8.65249252319336,8.53022289276123,7.111500263214111,call_ce6146a1c53e,synthetic,train
0.28310643564356447,0.4277537128712867,10.0,15.0,3.6600000000000015,2.430720057925223,3.686666666666663,2.914750227530464,2.827500000000003,2.590000000000005,0.7229756219956516,2.1760000000000046,3.7100000000000044,0.875,3.184999999999997,2.3050000000000015,0.8799999999999955,0.0,0.0,0.9053523187501291,-0.2164377929813055,0.5461934562086059,0.25569429592925075,0.6641311631860903,0.0,0.0,37.38000000000004,38.02000000000004,0.6400000000000006,129.28,-0.17240634564319107,-32.25393295288086,47.685997009277344,-14.100442886352539,8.01406478881836,-47.261016845703125,-0.1583343744277954,-33.737613677978516,11.348465919494629,-27.929861068725586,9.030784606933594,-16.287899017333984,-0.5243262052536011,-8.910441398620605,63.800315856933594,26.597631454467773,34.093990325927734,16.4305362701416,25.702007293701172,15.102714538574219,16.70922088623047,11.309985160827637,12.496853828430176,10.22373104095459,9.754935264587402,10.140706062316895,11.456998825073242,call_cea74e96e420,synthetic,train
0.18427269659129242,0.6132298346270667,10.0,22.0,2.1839999999999975,1.5099880794231468,3.3036363636363615,2.416899865256665,0.7644444444444483,0.8600000000000065,0.920085878976174,-0.5279999999999972,1.4040000000000052,0.1111111111111111,1.0600000000000023,0.7600000000000051,0.29999999999999716,0.2222222222222222,0.2222222222222222,-0.07119097513467605,0.005820423361094562,0.07623062834758038,1.203600712202488,0.6913864829357885,2.0,0.2,24.00000000000007,25.420000000000073,1.4200000000000017,118.52,-0.17240634564319107,-131.51060485839844,106.25300598144531,-31.49418067932129,-22.532777786254883,-25.985754013061523,-24.29790496826172,-26.5399227142334,-21.75631332397461,-11.080766677856445,0.6704670786857605,-0.824363112449646,-2.4842498302459717,-6.837210178375244,84.503173828125,28.317293167114258,31.182405471801758,27.154966354370117,18.504013061523438,15.804598808288574,11.697917938232422,12.453402519226074,9.95835018157959,8.874093055725098,8.572482109069824,6.226397514343262,8.201233863830566,call_cf313f91b995,human,val
0.5326141748160128,0.3431797560237934,71.0,12.0,1.4881690140845159,2.260852581211219,5.673333333333345,3.9306431478265194,-5.354000000000013,-3.5400000000000205,4.090095842397828,-12.61000000000002,-1.9600000000000233,0.0,-2.56500000000001,-6.685000000000022,4.120000000000012,1.0,1.0,-0.8177034510815219,-0.630642906074022,-0.9816356510375356,0.7639327309738297,1.5192176145952219,10.0,0.14084507042253522,24.639999999999247,46.99999999999963,22.360000000000383,198.38,-0.17240634564319107,-162.70245361328125,80.9334487915039,-29.125154495239258,0.08989879488945007,-46.930908203125,-9.606642723083496,-24.61349868774414,-1.511977195739746,-19.323341369628906,-3.17452073097229,-13.64061450958252,-8.947218894958496,-13.176640510559082,59.23725128173828,20.046342849731445,24.237783432006836,15.465415000915527,17.383710861206055,12.631170272827148,12.796189308166504,11.355843544006348,10.168878555297852,7.8561272621154785,8.524103164672852,7.999684810638428,7.788339138031006,call_d0442c9e97b7,synthetic,train
0.19626168224299056,0.5045466026774443,15.0,17.0,2.071999999999999,1.0240260413355387,4.7000000000000055,3.740311405720745,3.5475000000000025,3.610000000000003,0.6450532923720353,2.8299999999999925,4.262000000000009,1.0,4.100000000000008,2.965,1.1350000000000078,0.0,0.0,-0.08512409178569458,-1.7111074670217612,0.8494587141681292,0.1818332042819455,0.49422106218210327,0.0,0.0,47.37999999999994,48.07999999999993,0.6999999999999886,158.36,-0.17240634564319107,-141.97496032714844,108.68103790283203,25.48790740966797,35.10444641113281,-18.855079650878906,-4.317741394042969,-20.962059020996094,-7.651449203491211,-7.630046367645264,-0.4890107214450836,-1.1849359273910522,-0.4166453182697296,-7.604360580444336,79.56285858154297,26.243762969970703,19.303043365478516,21.120298385620117,18.518699645996094,14.665826797485352,13.164765357971191,12.853541374206543,12.689431190490723,7.893307209014893,9.083356857299805,8.032580375671387,7.4870500564575195,call_d13864e1e455,synthetic,train
0.2408759124087589,0.5834009191673425,13.0,18.0,2.7415384615384593,1.5657578462636244,4.795555555555556,3.736989611709495,0.36000000000000326,0.990000000000002,1.2454717981552208,-1.493999999999998,1.1780000000000028,0.0,1.0850000000000026,0.4050000000000066,0.679999999999996,0.25,0.25,-1.3235600205014955,0.026527267581816005,-0.17592059484705683,3.4596438741543487,0.5711237933221808,2.0,0.15384615384615385,26.000000000000043,28.720000000000013,2.7199999999999847,147.96,-0.17240634564319107,-168.24249267578125,98.88135528564453,-5.497951507568359,-9.755038261413574,-23.501707077026367,-11.439269065856934,-23.708232879638672,-16.981243133544922,-9.432194709777832,-15.006271362304688,-6.044095993041992,-10.675954818725586,-7.089608669281006,100.09052276611328,37.329429626464844,33.71792984008789,29.13669204711914,19.81476402282715,15.497360229492188,13.12032413482666,11.707557678222656,11.804194450378418,8.934147834777832,9.216278076171875,10.20880126953125,7.4755096435546875,call_d13e6463c6fb,human,train
0.29476834981780337,0.5188703800104113,13.0,19.0,3.4846153846153864,3.125450405411415,4.196842105263158,3.1075139033123897,1.4799999999999933,2.239999999999995,2.8995344453894742,-0.5260000000000082,3.305999999999983,0.75,2.564999999999994,2.030000000000001,0.534999999999993,0.125,0.125,-2.0336965783386103,2.622031186751916,-0.4997592413843913,1.9591448942096907,0.8969283721564747,1.0,0.07692307692307693,28.639999999999972,30.039999999999992,1.40000000000002,153.68,-0.17240634564319107,-259.61505126953125,110.2757568359375,4.4199934005737305,1.8173044919967651,-32.05722427368164,-11.119417190551758,-20.840087890625,-5.603348255157471,-23.368709564208984,-4.114521026611328,-17.48064613342285,-6.380303382873535,-12.025622367858887,69.00397491455078,26.384275436401367,32.16273498535156,19.523584365844727,19.129804611206055,15.06775951385498,15.209938049316406,11.273512840270996,10.005657196044922,9.275222778320312,8.887804985046387,9.133529663085938,7.1752095222473145,call_d147a02786d2,synthetic,train
0.21698862132839364,0.4731410426038635,12.0,18.0,2.733333333333332,2.017264374234462,3.973333333333334,3.0947697814215545,3.5244444444444416,3.519999999999996,0.5992423199547081,2.7279999999999633,4.392000000000001,1.0,3.820000000000004,3.219999999999999,0.600000000000005,0.0,0.0,0.2460566257557204,-0.954115716818337,-0.0966287350696938,0.17002461784559128,0.7380235512791852,0.0,0.0,46.84,46.94,0.09999999999999432,151.16,-0.453790909505865,-70.11197662353516,77.2055435180664,-24.94048500061035,11.02021312713623,-47.71428680419922,-6.571794033050537,-37.632415771484375,-1.701801061630249,-15.450017929077148,0.0506267286837101,-5.960077285766602,-9.747312545776367,-8.605863571166992,90.36323547363281,26.904125213623047,30.013202667236328,28.923236846923828,23.745878219604492,15.10917854309082,14.6185302734375,12.66327953338623,11.506730079650879,11.479785919189453,9.12524700164795,8.418256759643555,8.273371696472168,call_d17b2416d506,synthetic,train
0.19071518193224554,0.5138913783832223,13.0,19.0,1.6369230769230738,1.0394627651997375,3.0178947368421025,1.9870305243526416,0.9763636363636405,0.980000000000004,0.8745624643970458,0.7800000000000082,1.9999999999999991,0.09090909090909091,1.3600000000000083,0.8200000000000038,0.5400000000000045,0.09090909090909091,0.09090909090909091,-1.335784459234228,2.116419121074677,0.12197346505459869,0.895734366714561,0.6350101475254455,1.0,0.07692307692307693,32.96000000000009,33.740000000000094,0.7800000000000011,111.58,-0.17240634564319107,-197.66676330566406,30.216045379638672,-11.08631706237793,10.266802787780762,-36.826419830322266,-13.057892799377441,-26.398414611816406,-11.92765998840332,-20.628910064697266,2.0782711505889893,-5.931155204772949,-13.587557792663574,-0.20905981957912445,91.4496078491211,30.12385368347168,42.80215072631836,18.504648208618164,24.353496551513672,12.685479164123535,16.34238052368164,11.115943908691406,9.16096019744873,8.128071784973145,8.959606170654297,7.771869659423828,7.436185359954834,call_d38f7d5159e7,human,train
0.18599357257632604,0.6254686663095875,17.0,23.0,1.6341176470588272,1.6205121152188036,4.061739130434782,2.6587536344063203,-0.12499999999999971,1.0100000000000051,1.7179275304855006,-2.362,1.4820000000000013,0.0,1.2750000000000048,-1.9150000000000063,3.190000000000011,0.4166666666666667,0.4166666666666667,-0.3677405505274824,-1.7184171924065725,0.12289866392448678,13.743420133936674,0.9916740799806025,5.0,0.29411764705882354,28.159999999999954,31.460000000000008,3.300000000000054,149.36,-0.453790909505865,-206.12802124023438,64.010009765625,-13.350886344909668,-21.133291244506836,-41.728328704833984,-15.030713081359863,-17.806974411010742,-7.038984298706055,-12.00332260131836,-2.9981725215911865,-14.83445930480957,-5.376803874969482,-10.750240325927734,92.8785171508789,50.70456314086914,41.12244415283203,23.58736228942871,29.521940231323242,18.184032440185547,17.562911987304688,11.837774276733398,12.215612411499023,9.58546257019043,8.455791473388672,8.621954917907715,6.724783420562744,call_d3e854cbb77d,human,train
0.20032168445679208,0.5554905687966075,14.0,16.0,1.9571428571428586,1.2465004072627157,4.7487499999999985,4.126281429750036,1.8933333333333324,2.2200000000000006,1.043328008506113,1.0920000000000019,2.504000000000005,0.7777777777777778,2.3999999999999773,2.0999999999999943,0.29999999999998295,0.1111111111111111,0.1111111111111111,-2.1236101721957454,3.114981339985781,0.1871128195545615,0.5510535253283767,0.6368980179839939,1.0,0.07142857142857142,33.400000000000006,34.22,0.8199999999999932,136.78,-2.729418803901351,-70.14379119873047,80.37321472167969,-16.88935661315918,20.65460968017578,-49.3591194152832,-5.489312648773193,-33.039222717285156,0.5156533122062683,-12.702863693237305,-2.440399169921875,-7.822451114654541,-9.753904342651367,-10.145060539245605,77.0054702758789,23.546144485473633,27.4062557220459,27.77016830444336,21.23094940185547,12.194377899169922,14.141521453857422,12.31106185913086,9.109196662902832,10.377396583557129,7.889852046966553,7.6708879470825195,6.811781883239746,call_d437831f4543,synthetic,train
0.38933518005540135,0.49695290858725794,10.0,22.0,5.6219999999999954,5.600503191678406,3.261818181818184,3.0475916517855652,0.38000000000000583,0.5000000000000071,1.336049614134359,-1.3559999999999917,1.9240000000000066,0.0,1.650000000000003,-0.8599999999999923,2.5099999999999953,0.42857142857142855,0.42857142857142855,-0.14736512968751628,-1.5951814598540903,0.5533566474249612,3.5159200279432063,0.9961763057065518,3.0,0.3,16.42,19.43999999999997,3.0199999999999676,144.4,-0.17240634564319107,-77.10662078857422,76.79088592529297,-1.8233323097229004,28.813365936279297,-33.812923431396484,0.5071946978569031,-24.0493221282959,3.869396209716797,-12.643473625183105,-2.9845378398895264,-6.878979682922363,-8.641583442687988,-12.455160140991211,94.1893539428711,29.63701820373535,39.24491500854492,27.59100914001465,22.441171646118164,16.07855796813965,18.39885711669922,15.553897857666016,13.256752014160156,13.017656326293945,11.818280220031738,10.359661102294922,9.3203706741333,call_d4518fcb700a,synthetic,val
0.2108662080584019,0.5148111750666855,19.0,21.0,1.581052631578944,1.0646763517952387,3.492380952380953,2.1151739875793747,1.5220000000000025,2.3200000000000025,2.4008740075230928,-1.1119999999999954,3.322000000000008,0.6,3.0249999999999986,1.3350000000000044,1.6899999999999942,0.2,0.2,-1.5687986706853936,1.5948481049453829,0.06523894326912241,1.577446784458372,0.6733971594978373,2.0,0.10526315789473684,39.080000000000055,40.64000000000004,1.559999999999988,142.46,-4.820299282583858,-182.64984130859375,75.06977844238281,12.438698768615723,-10.663904190063477,-30.816659927368164,-3.221424102783203,-26.630077362060547,-9.534222602844238,-10.021272659301758,6.024616718292236,-7.340251445770264,-7.546286106109619,-8.05146312713623,98.66303253173828,31.948833465576172,31.829347610473633,30.495052337646484,20.09926986694336,15.804465293884277,13.320806503295898,10.489418983459473,11.014015197753906,10.082254409790039,9.661442756652832,8.106171607971191,9.570982933044434,call_d557fa43925b,human,train
0.2864308342133067,0.5624340021119325,49.0,18.0,0.8857142857142903,1.149665434917868,4.734444444444446,3.906233227124492,-3.6323076923076933,-4.479999999999997,4.7328803294630015,-6.808000000000001,1.3120000000000012,0.07692307692307693,-0.8200000000000074,-5.18,4.359999999999992,0.7692307692307693,0.7692307692307693,-1.2592035222706686,1.811646887911463,-0.9539275808958394,1.302995431301992,1.2980093605385434,10.0,0.20408163265306123,22.89999999999978,36.580000000000055,13.680000000000277,151.52,-0.17240634564319107,-244.99900817871094,77.62140655517578,-25.230249404907227,-31.775787353515625,-27.58097267150879,-12.478289604187012,-21.13998031616211,-5.151119709014893,-11.740222930908203,-2.172506093978882,-8.799299240112305,-4.515046119689941,0.8068087100982666,123.41741943359375,31.730878829956055,32.96336364746094,18.000307083129883,21.970312118530273,17.85021209716797,17.798503875732422,12.340802192687988,14.110631942749023,9.830881118774414,10.176337242126465,9.481386184692383,10.532115936279297,call_d5d00276dd35,human,train
0.22433549911399955,0.5827525103366812,20.0,21.0,1.8990000000000062,1.8359681369784173,4.698095238095244,3.563929905579244,0.3266666666666657,1.1400000000000006,1.8649515930566245,-3.119999999999998,1.739999999999997,0.0,1.4200000000000017,0.799999999999983,0.6200000000000188,0.2222222222222222,0.2222222222222222,-1.2501174551523697,-0.3055570383188111,-0.23894098093626592,5.709035471472228,0.9668078651983166,2.0,0.1,32.65999999999974,34.17999999999975,1.5199999999999818,169.3,-3.506464564079912,-188.58807373046875,62.42481994628906,-8.055642127990723,-16.216705322265625,-36.43619155883789,-10.728751182556152,-27.19108009338379,-1.500617504119873,-14.882411003112793,-2.8896090984344482,-8.466598510742188,-6.953787326812744,-11.531376838684082,102.85885620117188,35.28526306152344,44.676063537597656,21.73172378540039,25.147586822509766,14.463787078857422,15.482648849487305,11.936006546020508,10.491929054260254,10.017245292663574,8.569246292114258,8.44140911102295,8.348379135131836,call_d60330be1b1f,human,val
0.2693125442948264,0.5207890385069693,20.0,18.0,2.2800000000000002,1.7321200882155938,4.898888888888892,3.498790090697849,1.0459999999999998,1.5400000000000027,1.6376580839723518,0.735999999999983,1.9899999999999987,0.1,1.6800000000000033,1.2700000000000067,0.4099999999999966,0.1,0.1,-2.5304027059235032,4.699573300202968,-0.04852338149155904,1.5656387021096685,0.7597017927438122,1.0,0.05,35.539999999999935,36.83999999999995,1.3000000000000114,169.32,-0.453790909505865,-174.1460418701172,65.31163787841797,14.902138710021973,-13.405826568603516,-39.118858337402344,-21.821521759033203,-27.072694778442383,-11.152335166931152,-20.734479904174805,-3.44537353515625,-5.220551013946533,-5.345526218414307,-10.493791580200195,97.3996353149414,39.22503662109375,42.30628967285156,27.798730850219727,23.483810424804688,16.052907943725586,15.90440845489502,13.56412124633789,10.352141380310059,10.08967113494873,9.154566764831543,8.782464981079102,7.737845420837402,call_d72a7cb67eb0,human,train
0.23751304607126897,0.523781124198598,14.0,19.0,2.275714285714287,2.356003620800378,3.697894736842102,2.912267300751244,0.2540000000000019,0.4100000000000037,1.4222812661355027,-1.3680000000000012,1.6840000000000075,0.1,1.320000000000002,-0.579999999999993,1.899999999999995,0.5,0.4,-0.36633200185546333,-0.7153952196894493,-0.6087548803068659,5.5995325217951155,1.035280937749885,4.0,0.2857142857142857,32.02000000000004,34.24000000000005,2.219999999999999,134.14,-1.6804367023188145,-143.2455596923828,88.39824676513672,-8.020662307739258,-11.322340965270996,-59.47525405883789,-19.560970306396484,-9.052876472473145,-13.807624816894531,-16.616111755371094,-6.322275638580322,-5.1440606117248535,-6.62996244430542,-8.828001022338867,75.42886352539062,28.296722412109375,30.023883819580078,19.42165756225586,21.60837173461914,14.642033576965332,16.112104415893555,10.240443229675293,8.751871109008789,7.5126423835754395,7.181690692901611,6.396351337432861,6.043600082397461,call_d80d9f6f7884,human,train
0.2583083383323338,0.4987402519496108,18.0,21.0,2.392222222222225,1.7791026313396059,3.9590476190476247,3.101259198580475,1.4866666666666635,2.769999999999996,2.9383706747485503,-1.1920000000000144,3.948,0.6666666666666666,3.4350000000000023,-0.40000000000001634,3.8350000000000186,0.3333333333333333,0.3333333333333333,-1.3959007140961415,1.0478521822108986,0.13157656514260832,1.9764825153175385,0.743702911071208,4.0,0.2222222222222222,40.49999999999983,44.27999999999989,3.780000000000058,166.7,-0.17240634564319107,-72.14523315429688,80.74485778808594,-1.9058291912078857,32.20963668823242,-31.394853591918945,4.130308151245117,-21.202714920043945,5.936985492706299,-10.78941535949707,-0.3989393711090088,-5.646069049835205,-7.549954891204834,-11.632841110229492,87.55868530273438,27.141725540161133,37.481319427490234,25.388978958129883,24.14023780822754,16.9637451171875,18.989728927612305,14.449516296386719,12.37187671661377,13.21863842010498,12.195562362670898,10.39596939086914,9.843565940856934,call_d88d3c23953c,synthetic,val
0.31440845233948694,0.4893765238592826,14.0,18.0,3.8685714285714297,4.005772365586686,4.683333333333334,5.659003642181394,1.2980000000000005,2.0600000000000023,1.4581755724191758,-1.1219999999999946,2.531999999999975,0.5,2.2200000000000006,0.3400000000000052,1.8799999999999955,0.3,0.3,-0.862720070353571,-0.9337199603267994,0.16471309365985598,1.123401826884263,1.0354655299800049,3.0,0.21428571428571427,33.799999999999955,36.819999999999936,3.019999999999982,172.26,-0.17240634564319107,-143.04458618164062,74.4080810546875,-19.215648651123047,-8.249163627624512,-61.618064880371094,-17.587846755981445,-26.169565200805664,-3.7562530040740967,-22.503063201904297,-9.626269340515137,-11.356704711914062,-13.90291976928711,-7.257044792175293,78.84162139892578,29.688447952270508,28.65022850036621,14.517889022827148,21.685588836669922,16.30957794189453,17.037839889526367,11.996753692626953,10.880132675170898,9.24293041229248,10.679875373840332,8.90632438659668,7.875442981719971,call_d88d8e15e430,synthetic,train
0.4604241024564349,0.3245853453705645,8.0,8.0,5.482499999999999,6.044108184835872,3.864999999999997,2.404844069789141,2.5960000000000027,2.5800000000000054,1.2228098789264024,1.248000000000002,3.804000000000001,0.8,3.480000000000004,2.460000000000008,1.019999999999996,0.0,0.0,-0.7050851752759466,-0.6447134097671872,0.2844087565129735,0.4710361627331914,1.102436513220873,0.0,0.0,20.480000000000032,20.980000000000047,0.5000000000000142,95.26,-1.6804367023188145,-163.451904296875,69.17493438720703,-14.828893661499023,-6.946942329406738,-60.03569030761719,-15.49629020690918,-25.819942474365234,-4.813727378845215,-23.837051391601562,-6.895811080932617,-12.933865547180176,-13.859517097473145,-7.798260688781738,81.81652069091797,26.493942260742188,28.746530532836914,14.148615837097168,21.35133934020996,14.68977165222168,16.17070770263672,10.208449363708496,9.921000480651855,7.310365200042725,10.07921314239502,8.532269477844238,7.179184436798096,call_d89caa393417,synthetic,train
0.1982565379825657,0.44333748443337506,29.0,19.0,1.0979310344827604,0.752565173304837,3.747368421052633,2.718205371787299,2.130769230769228,2.6599999999999966,2.317686052737353,-0.5199999999999948,3.768000000000004,0.6923076923076923,3.579999999999999,1.9599999999999511,1.620000000000048,0.15384615384615385,0.15384615384615385,-1.858627934127802,2.5533849333761642,-0.1013148153848877,1.0877226957200443,0.6854393846093748,2.0,0.06896551724137931,57.55999999999992,60.11999999999989,2.559999999999974,160.6,-3.922712603739859,-149.02491760253906,71.14152526855469,-17.736913681030273,14.505731582641602,-39.56570816040039,-6.7290520668029785,-35.76868438720703,-9.589489936828613,-20.999126434326172,-8.211211204528809,-10.959278106689453,-8.836121559143066,-11.64084243774414,99.70516204833984,30.012737274169922,39.14601516723633,22.821651458740234,27.77981948852539,14.390287399291992,17.38593101501465,13.688940048217773,11.319686889648438,10.928564071655273,9.55916976928711,9.153519630432129,8.695924758911133,call_d9b9c625f406,synthetic,train
0.27002755383202404,0.5593427900806214,17.0,22.0,3.112941176470592,2.358184158616866,4.98272727272728,3.3953192135620367,0.17076923076922268,0.8600000000000065,1.3948612367624622,-1.0040000000000047,1.1199999999999952,0.0,1.0,-0.23999999999999488,1.2399999999999949,0.38461538461538464,0.38461538461538464,-1.9260300732437547,3.0834643789530434,-0.5882531002044679,8.16810629357094,0.7575421519956246,5.0,0.29411764705882354,33.43999999999974,36.119999999999806,2.6800000000000637,195.98,-2.016215753498857,-162.9871368408203,50.27674102783203,-7.561251640319824,-1.1513961553573608,-43.44737243652344,-10.258358001708984,-23.570056915283203,-16.36809730529785,-7.164811134338379,-10.387429237365723,-3.642468214035034,-8.432596206665039,-8.297515869140625,86.46829223632812,35.28049087524414,38.149513244628906,25.97476577758789,26.534013748168945,16.466693878173828,14.4251708984375,13.026015281677246,10.480531692504883,8.919767379760742,8.286669731140137,7.618703842163086,7.592375755310059,call_db5326bcb672,human,train
0.20234530938123743,0.6012974051896209,17.0,19.0,1.9082352941176461,1.2993402637905387,5.0736842105263165,3.4387393812058504,0.392307692307692,0.740000000000002,1.3630178837708957,-1.5039999999999978,1.5200000000000033,0.07692307692307693,1.3600000000000003,-0.5,1.8600000000000003,0.38461538461538464,0.3076923076923077,-0.7118444137205466,-0.6023708734842805,0.254863053868848,3.474359302716664,0.6809119751191018,4.0,0.23529411764705882,31.47999999999999,34.91999999999997,3.439999999999955,160.32,-0.17240634564319107,-208.9005126953125,82.24851989746094,-13.079992294311523,-1.3059877157211304,-35.046730041503906,-17.260082244873047,-25.62433433532715,-10.502223014831543,-6.99167013168335,-12.022536277770996,-2.0439071655273438,-10.331830978393555,-9.073067665100098,97.37798309326172,32.24781036376953,37.3485221862793,30.160154342651367,22.07769775390625,16.402103424072266,13.468866348266602,14.971617698669434,11.623074531555176,9.064461708068848,10.136610984802246,10.03209114074707,9.033963203430176,call_dc1a55102190,human,val
0.22695470725420425,0.546213330060145,14.0,21.0,2.641428571428574,1.972503330226616,4.238095238095239,2.6846222028214872,1.8179999999999974,1.9800000000000022,0.8798386215664736,1.4080000000000013,2.4079999999999697,0.4,2.2900000000000027,1.8349999999999973,0.4550000000000054,0.1,0.1,-2.14835620235116,3.6128319425973983,0.32720380858015663,0.4839596375591393,0.7467562631886968,1.0,0.07142857142857142,36.95999999999992,37.63999999999993,0.6799999999999784,162.94,-0.17240634564319107,-131.23147583007812,84.43839263916016,-1.6510177850723267,26.7840518951416,-34.200077056884766,-9.686799049377441,-29.66396141052246,-3.547224760055542,-22.09065055847168,-1.7485624551773071,-7.1174798011779785,-5.980876922607422,-8.802021980285645,100.646728515625,29.379253387451172,31.408138275146484,27.055355072021484,22.154176712036133,15.155050277709961,15.450292587280273,14.477166175842285,12.290310859680176,11.257610321044922,11.47109603881836,9.116325378417969,10.814841270446777,call_dcdbcc7d70e4,synthetic,train
0.2613420266232001,0.5297473512632435,28.0,20.0,1.3742857142857139,1.4353581647883167,3.8999999999999986,3.249572279546961,-0.6371428571428578,0.9000000000000057,3.761252505238556,-2.5800000000000054,1.2279999999999973,0.0,1.0300000000000065,-0.3699999999999939,1.4000000000000004,0.42857142857142855,0.2857142857142857,-2.795179655114944,6.698899387416045,-0.7030173826385288,5.903311097611366,1.0444394122876448,4.0,0.14285714285714285,30.760000000000048,35.680000000000035,4.9199999999999875,147.24,-1.357156512608784,-241.82061767578125,73.29830932617188,-13.304400444030762,-18.142486572265625,-39.47230529785156,-12.633932113647461,-18.944862365722656,-7.4094953536987305,-12.153385162353516,-3.617748737335205,-9.111330032348633,-8.527350425720215,-13.792131423950195,121.77383422851562,35.86569595336914,43.22172164916992,27.252159118652344,24.5853271484375,14.960742950439453,16.238475799560547,10.723756790161133,11.31633186340332,9.597018241882324,7.686988830566406,8.458579063415527,8.231093406677246,call_ddeabfdb99d4,human,train
0.2989331144850219,0.5077964710709885,16.0,11.0,1.821249999999996,1.6465641310012815,4.4999999999999964,2.8094774667833953,0.5257142857142867,1.220000000000006,2.2365972697244314,-1.372000000000002,1.9439999999999973,0.14285714285714285,1.4400000000000048,1.0100000000000016,0.43000000000000327,0.14285714285714285,0.14285714285714285,-1.8587738294056373,1.814949723363278,-0.27610232097051296,4.254396972361471,0.9040846287424573,1.0,0.0625,18.840000000000103,21.860000000000085,3.019999999999982,97.48,-7.105632820340907,-160.89901733398438,85.79956817626953,18.383445739746094,3.8291492462158203,-23.29029083251953,-16.40349006652832,-16.226490020751953,-7.685853004455566,-12.934043884277344,-2.176654577255249,-7.409480571746826,-5.6144514083862305,-7.865320205688477,121.91634368896484,37.177730560302734,37.860572814941406,26.227155685424805,23.64621925354004,16.742334365844727,14.809225082397461,14.212921142578125,10.749885559082031,9.452982902526855,9.898334503173828,9.011874198913574,7.764455318450928,call_ddf2da1910f1,human,train
0.2938650306748464,0.48665644171779104,13.0,16.0,2.9476923076923054,2.689884623908772,3.9662499999999974,2.820830717625572,1.8755555555555585,2.0600000000000023,1.263461832612735,0.904,2.7800000000000016,0.5555555555555556,2.140000000000015,1.9200000000000088,0.22000000000000597,0.1111111111111111,0.1111111111111111,-1.0187718834967632,1.5654159074389211,-0.12763823066754257,0.6736467113419298,0.9125391466323344,1.0,0.07692307692307693,28.620000000000076,29.880000000000052,1.2599999999999767,130.4,-0.17240634564319107,-49.31284713745117,35.74482345581055,-21.475549697875977,-1.5921484231948853,-55.04840087890625,-6.223058223724365,-40.847782135009766,4.053916931152344,-33.801692962646484,2.383173942565918,-18.01354217529297,-4.113760471343994,-11.832337379455566,85.22356414794922,26.2952938079834,37.150997161865234,19.50530242919922,25.24641227722168,16.83036231994629,19.082120895385742,13.347671508789062,11.792181015014648,10.315518379211426,10.306783676147461,11.38452434539795,10.441326141357422,call_df3e278ab7fe,synthetic,train
0.39762752075919444,0.39572953736654803,30.0,17.0,2.2346666666666724,1.3127166064649587,3.9247058823529413,4.572519086438872,2.2742857142857127,2.4599999999999795,0.8564854621876379,1.324000000000002,3.0,0.7142857142857143,2.960000000000001,2.070000000000001,0.8899999999999997,0.0,0.0,-1.2692020454051511,0.47322074286875493,0.31990970695808035,0.3765953663742024,0.5874328486922087,0.0,0.0,34.83999999999983,35.879999999999825,1.039999999999992,168.6,-1.6804367023188145,-127.79049682617188,96.50743865966797,-4.014802932739258,22.43288230895996,-28.176321029663086,-11.664785385131836,-29.7462100982666,-6.296671390533447,-22.84847068786621,-3.4997520446777344,-10.223892211914062,-7.311036109924316,-8.027321815490723,81.83394622802734,27.439512252807617,29.87956428527832,25.225488662719727,19.25726890563965,14.55710506439209,13.753586769104004,14.964676856994629,11.132997512817383,10.028936386108398,9.435442924499512,7.554938793182373,8.729090690612793,call_df75973c8794,synthetic,train
0.3628354567633503,0.43778801843318,13.0,13.0,4.118461538461536,2.3464337790122993,4.969230769230772,3.8576327167726574,3.3959999999999972,3.34,0.5590563477861685,2.83599999999999,4.040000000000009,1.0,3.5600000000000023,2.9799999999999613,0.5800000000000409,0.0,0.0,0.6247191377623081,-0.7898847749680469,-0.280782739735404,0.1646220104892659,0.569735508400324,0.0,0.0,29.42,29.900000000000006,0.480000000000004,147.56,-2.729418803901351,-150.1045379638672,68.22747039794922,-21.90705680847168,17.829370498657227,-44.9018669128418,-11.528379440307617,-34.49369812011719,-8.340328216552734,-23.2183780670166,-8.514386177062988,-11.099854469299316,-10.510589599609375,-10.507294654846191,86.41412353515625,25.089338302612305,36.05572509765625,20.84152603149414,23.609943389892578,14.014135360717773,15.295790672302246,14.834494590759277,10.999480247497559,10.587032318115234,9.32125186920166,9.556097984313965,7.407648086547852,call_e0a8703be347,synthetic,train
0.37066541705716927,0.41283973758200543,19.0,11.0,2.4978947368421025,1.6201480729838704,4.805454545454543,3.243668976599194,-0.3885714285714265,1.2600000000000051,2.3559252266295254,-3.175999999999997,1.6560000000000004,0.0,1.4600000000000013,-1.9399999999999986,3.4,0.42857142857142855,0.42857142857142855,-0.7315860570452075,-0.9045357945066752,0.1830126690925936,6.063042847046127,0.6486054229745063,3.0,0.15789473684210525,27.72000000000007,30.040000000000035,2.3199999999999648,128.04,-0.17240634564319107,-134.65963745117188,85.44947052001953,-20.98383331298828,-26.812408447265625,-41.25661087036133,-12.75589656829834,-20.268798828125,-2.6698827743530273,-13.923134803771973,0.7920801043510437,-10.973880767822266,-10.771886825561523,-6.498927593231201,82.85272979736328,26.250089645385742,44.44708251953125,20.02259635925293,23.55617904663086,13.769235610961914,15.737665176391602,11.428852081298828,9.378623962402344,8.163715362548828,7.893302917480469,6.877422332763672,6.821389198303223,call_e0c1f661d9ca,human,train
0.2101107706811223,0.4573415036530761,16.0,20.0,2.2287500000000047,1.5807588169926454,3.881000000000004,3.0165839951839613,3.241999999999995,3.1799999999999855,0.6143907551387838,2.4999999999999973,4.036000000000003,1.0,3.480000000000002,2.785000000000002,0.6950000000000003,0.0,0.0,0.7053600927076102,-0.30526348601928666,-0.06546871944879414,0.18950979486405767,0.7092580218882262,0.0,0.0,56.439999999999856,57.09999999999985,0.6599999999999966,169.72,-3.10925519794408,-133.68617248535156,69.84503936767578,-22.868112564086914,19.031240463256836,-46.100337982177734,-9.382377624511719,-32.55921936035156,-7.182535648345947,-21.676000595092773,-6.602829456329346,-10.87354850769043,-8.951833724975586,-8.150591850280762,75.92879486083984,23.905704498291016,32.28910446166992,21.127042770385742,24.472476959228516,14.22000503540039,15.230131149291992,12.911126136779785,10.79930305480957,10.5787992477417,9.64599895477295,9.260716438293457,7.923086166381836,call_e106a61086bb,synthetic,train
0.2820170757737463,0.5586979722518679,24.0,21.0,1.7616666666666685,1.4704638346076013,3.98857142857143,2.6443511864498888,-1.2353846153846173,-1.1,2.570616853192475,-5.3040000000000305,1.0879999999999996,0.0,0.8600000000000065,-2.1199999999999974,2.980000000000004,0.5384615384615384,0.5384615384615384,-0.7414839841865672,-0.8942257048352724,-0.45469817472729,2.0808231048848955,0.8347003786790347,7.0,0.2916666666666667,23.87999999999991,33.83999999999999,9.960000000000079,149.92,-0.17240634564319107,-126.36322784423828,40.65243148803711,-23.389694213867188,6.0294084548950195,-28.49187660217285,-7.8918609619140625,-16.17517852783203,-5.830772399902344,-11.646210670471191,-5.172905445098877,-4.962551593780518,-8.995262145996094,-3.328460693359375,106.00370788574219,34.811561584472656,41.48530578613281,24.80888557434082,29.847793579101562,15.963011741638184,20.694923400878906,12.510978698730469,9.102649688720703,9.145700454711914,10.209579467773438,7.528020858764648,7.89362096786499,call_e118b75d4937,human,train
0.583133419450082,0.24248016239158504,40.0,5.0,1.5799999999999972,2.207582388043537,5.255999999999998,2.7770315086437174,-3.9549999999999974,-3.0299999999999963,2.4979741792100287,-6.794000000000001,-1.8559999999999945,0.0,-2.0899999999999928,-4.895000000000001,2.8050000000000086,1.0,1.0,-0.8417640981124658,-0.952564307229657,-0.8199761339616036,0.6315990337745717,1.3972040421812257,4.0,0.1,18.90000000000012,30.44000000000007,11.53999999999995,108.38,-0.17240634564319107,-125.68821716308594,76.87110137939453,-19.966209411621094,18.927270889282227,-38.216163635253906,-9.335444450378418,-23.209020614624023,4.754359245300293,-12.915633201599121,-1.0173909664154053,-8.681658744812012,-8.42113208770752,-13.156471252441406,87.84508514404297,17.546157836914062,30.380414962768555,19.40604019165039,15.219244956970215,13.68625259399414,11.67369556427002,12.27894115447998,9.609766960144043,10.513457298278809,10.70637035369873,9.74375057220459,8.837546348571777,call_e2200941723b,synthetic,train
0.28441344570376925,0.5046013755691182,28.0,26.0,2.097142857142864,1.7255037714552,4.006923076923083,2.6459079715823197,0.39142857142856485,1.1200000000000045,1.4938294851194502,-2.1620000000000075,1.6319999999999681,0.0,1.4149999999999778,-0.6550000000000002,2.069999999999978,0.2857142857142857,0.2857142857142857,-0.9568257302149761,-0.8735255354103089,-0.24948968872240532,3.816352689460532,0.8227879015277142,4.0,0.14285714285714285,43.55999999999966,48.01999999999967,4.460000000000008,206.46,-1.357156512608784,-162.01051330566406,92.8072509765625,-4.301314830780029,-14.485353469848633,-23.177173614501953,-8.411160469055176,-22.82301902770996,-9.645672798156738,-7.257010459899902,-8.034568786621094,-6.442906856536865,-11.197208404541016,-3.3111443519592285,89.59793090820312,26.741518020629883,35.46950912475586,22.939453125,20.415197372436523,11.365633964538574,12.439456939697266,9.639034271240234,9.124444961547852,8.725934028625488,7.340738296508789,7.634538650512695,7.320962429046631,call_e2d538297f0c,human,val
0.3896896727149393,0.3834152959131761,17.0,16.0,2.7035294117647024,3.42281779545737,2.826249999999999,2.91278834409574,-0.5836363636363611,-0.259999999999998,3.9098646168779356,-5.519999999999996,3.0400000000000027,0.36363636363636365,2.740000000000002,-3.029999999999994,5.769999999999996,0.5454545454545454,0.5454545454545454,-0.46018017622263757,-0.8837139532291336,-0.5866452169169236,6.6991449707113535,1.2660553198705924,6.0,0.35294117647058826,26.760000000000076,32.28000000000003,5.519999999999953,117.94,-0.17240634564319107,-74.67912292480469,80.06822967529297,5.40435266494751,30.615829467773438,-30.370676040649414,-0.01882505789399147,-19.508508682250977,6.8577799797058105,-11.250908851623535,3.1815340518951416,-3.6802639961242676,-7.6006855964660645,-10.855585098266602,83.31523132324219,24.324743270874023,27.89650535583496,21.071062088012695,20.051931381225586,14.915862083435059,13.319192886352539,16.72749900817871,11.839077949523926,11.236356735229492,11.476553916931152,11.089193344116211,9.858062744140625,call_e3064936e37a,synthetic,train
0.23469532023186757,0.3796126113388944,10.0,17.0,3.319999999999999,2.8569774237819954,3.158823529411765,2.5544560428279985,3.1088888888888895,3.3200000000000003,1.7078670547039725,2.216000000000003,4.568000000000008,0.8888888888888888,3.740000000000009,3.1799999999999926,0.5600000000000165,0.1111111111111111,0.1111111111111111,-1.8325205310535588,2.6105406009980188,0.3278772724329217,0.5493496600211437,0.8605353683498376,1.0,0.1,54.56000000000002,55.879999999999995,1.3199999999999932,141.46,-2.016215753498857,-174.18624877929688,73.32359313964844,-9.379289627075195,-8.676225662231445,-63.682621002197266,-13.213737487792969,-24.70946502685547,-6.676869869232178,-22.972623825073242,-6.916304111480713,-13.397788047790527,-13.457176208496094,-7.892024040222168,91.74217987060547,24.684206008911133,28.965572357177734,12.349020004272461,21.288522720336914,15.023967742919922,15.851548194885254,9.92706298828125,9.984369277954102,7.638023376464844,7.8997297286987305,7.432401180267334,7.41448974609375,call_e3084824935d,synthetic,train
0.2625185585099205,0.505736266702659,14.0,15.0,2.77857142857143,1.96652651408829,4.996000000000001,2.2784930692601812,1.327999999999999,1.1400000000000041,1.3870602005680968,0.6019999999999591,2.2400000000000064,0.1,1.445000000000003,0.9100000000000055,0.5349999999999975,0.1,0.1,0.9207344537310004,1.825389900623037,0.18753551644694028,1.0444730418099584,0.7077473312937682,1.0,0.07142857142857142,34.33999999999996,35.47999999999996,1.1400000000000006,148.18,-0.17240634564319107,-158.60020446777344,81.0296859741211,8.827016830444336,0.6534857749938965,-30.925716400146484,-8.928983688354492,-25.48676109313965,-16.971105575561523,-9.575102806091309,-12.645294189453125,-7.8912835121154785,-12.54358196258545,-8.961102485656738,90.6393814086914,37.208961486816406,33.141929626464844,28.571556091308594,18.518110275268555,15.891949653625488,15.088210105895996,12.156624794006348,10.124044418334961,8.900040626525879,9.063155174255371,8.066804885864258,8.547710418701172,call_e31bf946a8fa,human,train
0.23567708333333345,0.44231770833333317,20.0,22.0,1.810000000000001,1.4816409821545817,3.0881818181818166,3.2530693706987743,2.4120000000000013,3.3499999999999988,3.0592051255187194,-0.5920000000000001,4.561999999999999,0.8,4.105000000000006,2.905000000000001,1.2000000000000046,0.2,0.1,-1.9433413116923095,2.6287513644139864,-0.2707739261479712,1.2683271659412896,0.8185861775336988,1.0,0.05,49.46000000000001,50.5,1.0400000000000063,153.6,-1.6804367023188145,-160.22830200195312,68.66780853271484,-14.563135147094727,-3.1373562812805176,-54.14076614379883,-11.494174003601074,-33.352115631103516,0.02332567423582077,-22.276107788085938,-1.4115768671035767,-17.14857292175293,-15.260483741760254,-13.354270935058594,85.88971710205078,27.35662078857422,36.85423278808594,16.974132537841797,25.301799774169922,12.826210975646973,16.14604377746582,10.34178638458252,11.781815528869629,9.091232299804688,9.131816864013672,7.670840263366699,7.731104850769043,call_e329faf2b6a1,synthetic,val
0.20157404433022777,0.5611949887568258,13.0,14.0,1.930769230769228,1.5646993397035243,4.991428571428568,5.400617500597048,1.2050000000000038,1.8100000000000094,2.284179283681558,-0.3159999999999943,2.6640000000000037,0.25,2.100000000000001,1.7449999999999992,0.35500000000000176,0.125,0.125,-2.1174258207294865,2.789937252997704,-0.3009228025553964,1.8955844662124202,0.8104020480322955,1.0,0.07692307692307693,29.540000000000077,30.020000000000067,0.47999999999998977,124.52,-0.17240634564319107,-141.07106018066406,64.97232055664062,-18.443357467651367,2.564868211746216,-55.37782287597656,-14.069631576538086,-32.29895782470703,1.838483214378357,-22.973024368286133,-3.5505332946777344,-16.88928985595703,-14.118678092956543,-12.601935386657715,85.91722106933594,25.124162673950195,39.64508056640625,17.939186096191406,31.040149688720703,15.670424461364746,20.15749740600586,10.598852157592773,13.517728805541992,10.481937408447266,10.067410469055176,7.834280014038086,7.69887113571167,call_e3f555297277,synthetic,val
0.291188386225523,0.5013504388926397,14.0,17.0,2.4642857142857117,1.7742793880724586,3.4941176470588213,2.5916405406694674,0.8371428571428579,1.1000000000000085,0.8361427473090655,0.06399999999999739,1.3880000000000008,0.0,1.2299999999999978,0.9699999999999989,0.2599999999999989,0.14285714285714285,0.14285714285714285,-1.8292189763412539,1.7318674142183355,0.12547645565437163,0.9988053283569652,0.7199974325488255,1.0,0.07142857142857142,24.580000000000084,25.74000000000008,1.1599999999999966,118.48,-0.453790909505865,-157.00889587402344,82.36448669433594,5.321589946746826,7.108778953552246,-32.8026237487793,-9.29689884185791,-24.8786563873291,-19.124208450317383,-5.254301071166992,-14.498908042907715,-7.072572708129883,-10.551546096801758,-8.066829681396484,90.59195709228516,36.10798263549805,32.18854904174805,25.68431282043457,19.646102905273438,14.729262351989746,14.546634674072266,11.02897834777832,12.291869163513184,8.189050674438477,10.059358596801758,9.055885314941406,7.984080791473389,call_e4d9c2e0947a,human,train
0.21805955811719466,0.5872558437399932,16.0,19.0,1.7024999999999972,1.5528663013923636,3.861052631578944,2.2229186474136613,-0.468888888888886,0.7800000000000011,2.5278732582699903,-3.719999999999998,1.7479999999999998,0.0,1.5400000000000063,-2.72,4.260000000000007,0.4444444444444444,0.4444444444444444,-0.8245396152724389,-0.8190291070196696,0.06928303537493526,5.391198880547218,0.9121094275948644,4.0,0.25,24.320000000000107,27.560000000000088,3.239999999999995,124.92,-2.729418803901351,-215.16058349609375,82.79772186279297,-21.35652732849121,-27.130109786987305,-21.77557945251465,-23.33017349243164,-22.468881607055664,-0.9518677592277527,-16.360225677490234,-3.035506010055542,-11.753862380981445,-8.97152328491211,-9.871366500854492,90.29585266113281,36.59231948852539,43.31206130981445,20.02949333190918,22.68568992614746,14.999059677124023,16.747777938842773,11.605703353881836,12.136469841003418,9.805754661560059,7.422031402587891,7.2037272453308105,6.491918087005615,call_e58669998b76,human,val
0.22215514639299683,0.6337156655599152,18.0,15.0,1.6355555555555523,1.557712789895003,5.598666666666665,3.366584553454074,-1.5955555555555518,-1.259999999999991,2.289721531400275,-4.499999999999991,1.156000000000004,0.0,-0.23999999999999488,-2.8800000000000003,2.6400000000000055,0.7777777777777778,0.7777777777777778,-0.5161692081842129,-0.7459242036995626,-0.3681762751970299,1.435062240228897,0.9524059171524049,7.0,0.3888888888888889,19.100000000000094,23.32000000000005,4.219999999999956,132.52,-1.357156512608784,-211.241943359375,52.61941909790039,-25.14641571044922,26.265846252441406,-49.10255432128906,-21.995006561279297,-22.812387466430664,-10.758008003234863,-10.699790000915527,-7.292514324188232,-8.72768497467041,-5.9902191162109375,-8.450482368469238,125.02283477783203,39.7421989440918,39.35489273071289,27.715133666992188,34.06808853149414,15.804824829101562,15.11674976348877,16.3238468170166,11.930116653442383,12.296355247497559,10.4192533493042,9.377067565917969,8.203490257263184,call_e618b7b1fa5b,human,train
0.22717178314826927,0.5132593076420645,10.0,17.0,3.4780000000000024,1.842573200716861,4.622352941176475,2.3246796854918337,3.2524999999999986,2.9899999999999984,0.6295186653309041,2.619999999999996,3.9419999999999975,1.0,3.6300000000000026,2.8450000000000077,0.7849999999999948,0.0,0.0,0.9926313803213731,-0.06566076542887433,0.16871978022450929,0.19354916683700388,0.5297795285184244,0.0,0.0,39.739999999999895,39.75999999999989,0.01999999999999602,153.1,-0.17240634564319107,-121.17669677734375,105.41951751708984,-4.88427734375,9.236916542053223,-35.31615447998047,-19.643070220947266,-29.200307846069336,-9.311602592468262,-15.823905944824219,-3.6828114986419678,-1.0673960447311401,-11.043412208557129,-9.576789855957031,94.5863265991211,24.39130973815918,31.231473922729492,22.958637237548828,23.942110061645508,15.577128410339355,17.17007064819336,13.834895133972168,10.100203514099121,11.798603057861328,10.444219589233398,8.335006713867188,9.54262638092041,call_e697765a4dfd,synthetic,train
0.22152804893921635,0.5552518547442414,13.0,19.0,2.6184615384615375,2.162270338729983,4.490526315789481,2.3287979137296726,0.9555555555555532,1.1599999999999966,1.3677809369040121,0.16400000000000592,1.8080000000000027,0.1111111111111111,1.7399999999999949,1.1400000000000006,0.5999999999999943,0.1111111111111111,0.1111111111111111,-2.1526374486084694,3.2590830754150515,-0.7572386483167936,1.431398653401576,0.8257789187060712,1.0,0.07692307692307693,34.29999999999987,34.63999999999989,0.3400000000000176,153.66,-2.729418803901351,-221.55702209472656,74.73779296875,-21.05428695678711,-12.250436782836914,-39.371482849121094,-11.882561683654785,-19.197664260864258,-13.573875427246094,-12.992270469665527,-7.146988391876221,-8.60757827758789,-12.344161987304688,-12.921331405639648,89.16240692138672,30.710968017578125,41.62575149536133,25.367156982421875,26.605749130249023,13.114675521850586,12.758792877197266,11.414356231689453,9.229968070983887,8.008390426635742,6.751043319702148,8.222466468811035,6.162902355194092,call_e69e8ba551e4,human,train
0.20516281423991853,0.5432765311287325,12.0,18.0,2.026666666666662,1.609851614970219,3.5777777777777757,2.903537221228914,1.4050000000000022,2.240000000000002,1.5467950736926976,-1.0639999999999967,2.3940000000000032,0.75,2.2950000000000017,1.3750000000000004,0.9200000000000013,0.25,0.25,-1.2060091716164045,-0.41629011337789246,-0.19062865611916152,1.100921759851796,0.7943346780473131,2.0,0.16666666666666666,29.820000000000093,30.820000000000093,1.0,118.54,-0.17240634564319107,-265.8440856933594,107.79991149902344,15.731060981750488,7.397822380065918,-30.27608871459961,-7.100165367126465,-21.759822845458984,-6.465734481811523,-22.724815368652344,-3.0207390785217285,-16.841514587402344,-4.3307976722717285,-12.24557113647461,70.85546112060547,29.24432373046875,32.50118637084961,19.321107864379883,19.357887268066406,14.934245109558105,14.458394050598145,11.04532527923584,10.445319175720215,9.759842872619629,7.908162593841553,7.988900661468506,6.182680130004883,call_e6c59d28e6d7,synthetic,train
0.1918498809690519,0.6286234420949446,18.0,18.0,1.5222222222222217,1.4079597356756866,4.987777777777777,4.340758453383151,-0.8963636363636358,0.8199999999999932,2.6626551093607587,-4.97999999999999,1.1400000000000006,0.0,1.0300000000000011,-2.840000000000007,3.870000000000008,0.45454545454545453,0.36363636363636365,-0.8660789369570171,-0.9639075722776806,-0.6434207631212353,2.9705077251818235,0.92493705202604,4.0,0.2222222222222222,25.640000000000015,28.22,2.579999999999984,142.82,-5.306456267655787,-139.52268981933594,70.56159210205078,13.400068283081055,19.693134307861328,-24.18648338317871,-10.79183292388916,-19.781227111816406,-11.47681999206543,-12.055648803710938,-7.181821823120117,-6.522578239440918,-5.4692583084106445,-12.459155082702637,93.21427154541016,38.38327407836914,30.721256256103516,29.144174575805664,20.033172607421875,18.354719161987305,13.482498168945312,12.878312110900879,12.26272201538086,10.03954029083252,10.245361328125,8.900704383850098,8.990309715270996,call_e9bd33cdb226,human,val
0.232865400495459,0.5100467932837881,19.0,21.0,1.7810526315789528,1.8301161732950748,3.529523809523814,2.0128030116528604,0.13571428571427782,0.9199999999999804,1.7625011217249384,-2.700000000000013,1.4880000000000024,0.0,1.295000000000007,-0.6800000000000024,1.9750000000000094,0.2857142857142857,0.2857142857142857,-1.1227056500204051,-0.2972132548393467,-0.11003961731166156,12.986850274912983,1.027547496249495,4.0,0.21052631578947367,37.3599999999998,44.07999999999987,6.720000000000056,145.32,-0.17240634564319107,-166.50926208496094,55.80026626586914,-10.099983215332031,-5.605971813201904,-21.11344337463379,-12.111989974975586,-13.224674224853516,-3.7544236183166504,-13.306941032409668,-2.9147589206695557,-6.023225784301758,-5.2659592628479,-5.780364513397217,113.6492919921875,44.39043045043945,36.984092712402344,22.810819625854492,26.281177520751953,19.476285934448242,22.44021987915039,12.347901344299316,10.357937812805176,8.26724624633789,11.71373462677002,6.803643703460693,9.403105735778809,call_eb1c9a5a2c08,human,train
0.18433427381432196,0.49160284831385154,16.0,17.0,1.714999999999998,0.7007317603762534,4.3047058823529385,3.3944905493999307,2.732000000000002,3.1900000000000057,1.5001119958189801,0.773999999999999,3.7579999999999996,0.8,3.615000000000009,3.029999999999987,0.5850000000000222,0.1,0.1,-1.6513177425721384,1.4673824264560071,0.4556592226610662,0.5490893101280709,0.4085899475030112,1.0,0.0625,48.240000000000094,48.9800000000001,0.7400000000000091,148.86,-1.0454779796103157,-132.5834197998047,104.47698211669922,-1.893330693244934,26.895694732666016,-23.48478889465332,-9.552452087402344,-23.35141372680664,-2.276697874069214,-18.220712661743164,3.2730658054351807,-8.164199829101562,-3.088855743408203,-5.268984317779541,70.5760269165039,25.41883087158203,24.281007766723633,24.148178100585938,21.29702377319336,14.105449676513672,13.631572723388672,12.387170791625977,10.83459186553955,10.563370704650879,9.681585311889648,8.437325477600098,9.042153358459473,call_ec545493459e,synthetic,train
0.2342274838903039,0.5423347819571404,17.0,17.0,1.8388235294117623,1.23235729326762,4.257647058823527,2.397870450829638,0.1600000000000033,0.9399999999999977,1.7995555006723178,-2.6039999999999983,1.4240000000000053,0.0,1.2999999999999998,0.5800000000000054,0.7199999999999944,0.2222222222222222,0.2222222222222222,-1.4109297777918772,0.34632644025969794,-0.32281834950163957,11.247221808906618,0.6701879070427502,2.0,0.11764705882352941,29.820000000000093,32.32000000000008,2.5,133.46,-0.17240634564319107,-125.43038940429688,47.37644577026367,-11.253751754760742,-20.14726448059082,-35.07770919799805,3.6397957801818848,-26.61251449584961,-5.271637439727783,-19.0294246673584,-0.8462454676628113,-13.709569931030273,-9.278156280517578,-8.774969100952148,101.6791763305664,29.695505142211914,39.59344482421875,21.35502815246582,24.87160301208496,15.71979808807373,17.344566345214844,11.230319023132324,10.305132865905762,8.41378402709961,8.812280654907227,8.047846794128418,7.786946773529053,call_ec58505fc522,human,train
0.5274697580645155,0.19707661290322578,27.0,5.0,1.5503703703703682,2.620191513330561,3.1279999999999992,2.721899336860199,-2.413333333333332,-2.8600000000000003,1.0996160946237346,-3.3559999999999977,-1.2919999999999996,0.0,-1.88,-3.1699999999999986,1.2899999999999987,1.0,1.0,0.5422800182136039,0.0,-0.8469283403615052,0.45564202797020426,1.6900423032559508,3.0,0.1111111111111111,21.860000000000056,26.120000000000054,4.259999999999984,79.36,-0.7445971666592149,-169.21893310546875,89.29582214355469,-31.433652877807617,12.204143524169922,-41.315731048583984,-12.428972244262695,-24.676809310913086,5.391786098480225,-17.181718826293945,-2.8925225734710693,-14.738534927368164,-6.575527191162109,-13.568861961364746,42.74211502075195,17.76304817199707,22.693483352661133,13.614896774291992,12.908331871032715,10.685681343078613,11.309616088867188,11.29730224609375,8.61649227142334,8.42370319366455,8.933195114135742,8.410489082336426,7.897202968597412,call_ed020e30c242,synthetic,train
0.2797229703732201,0.5240477106579458,26.0,25.0,1.6776923076923054,1.2615293151638391,3.2688000000000024,2.3696148547812634,0.16000000000000014,0.2799999999999727,1.4912187409408928,-0.959999999999998,1.7520000000000093,0.0,1.1600000000000108,-0.4300000000000068,1.5900000000000176,0.5333333333333333,0.4,-1.4476208027896187,2.4580288253250027,-0.46291183858925666,9.32011707262984,0.7519431952019564,6.0,0.23076923076923078,30.599999999999994,36.39999999999999,5.799999999999997,155.94,-10.438510606963558,-126.35228729248047,82.23230743408203,-7.909014701843262,1.1351813077926636,-37.944820404052734,-16.250045776367188,-36.78596115112305,-12.058258056640625,-24.711284637451172,-4.989080429077148,-8.088314056396484,-7.4299635887146,-7.007190227508545,82.61522674560547,30.72917366027832,33.06121826171875,28.158302307128906,20.347023010253906,15.476550102233887,12.954302787780762,13.092558860778809,8.99934196472168,9.576284408569336,9.387530326843262,7.374952793121338,7.404237747192383,call_ed041799aed9,human,train
0.21334503950834066,0.5871064843847991,12.0,20.0,2.8350000000000004,2.5084141736696215,4.681000000000003,2.60805272185974,0.8527272727272748,1.8600000000000136,2.0709466035392494,-1.1799999999999962,2.1599999999999966,0.45454545454545453,2.100000000000005,0.4099999999999966,1.6900000000000084,0.2727272727272727,0.2727272727272727,-1.6152540177992434,1.3914283416719648,-0.26275179359929773,2.428615417080695,0.8848021773491425,3.0,0.25,31.819999999999936,33.559999999999974,1.7400000000000375,159.46,-0.17240634564319107,-45.181678771972656,36.76173782348633,-19.038009643554688,-0.3752363324165344,-55.54846954345703,-6.482995510101318,-41.0983772277832,6.314816474914551,-31.750205993652344,3.0976219177246094,-19.273025512695312,-4.356695652008057,-12.786537170410156,90.63655853271484,26.868404388427734,42.500953674316406,19.60276985168457,27.634754180908203,14.793301582336426,19.962373733520508,12.821208953857422,12.715699195861816,10.373559951782227,10.431867599487305,10.039910316467285,10.936957359313965,call_ed99e3ea3f0e,synthetic,train
0.20094079149197297,0.5219347581552316,20.0,28.0,1.9650000000000039,2.087686518613367,3.6457142857142935,2.2882548380985934,0.43874999999999503,1.6500000000000021,2.6519942378331023,-4.419999999999995,2.5699999999999874,0.1875,1.9350000000000023,0.004999999999977689,1.9300000000000246,0.25,0.25,-1.1863350144623876,-0.09972295164766543,-0.21586613233139196,6.044431297524104,1.0624358867943648,4.0,0.2,54.19999999999973,56.539999999999736,2.3400000000000034,195.58,-3.922712603739859,-208.74867248535156,78.6492919921875,7.534947395324707,-10.7136812210083,-30.19712257385254,-6.805667400360107,-23.24329376220703,-7.181978702545166,-6.066024303436279,1.6984031200408936,-7.09219217300415,-7.781018257141113,-8.426870346069336,112.20372772216797,32.725067138671875,32.03469467163086,26.739009857177734,19.286252975463867,16.237117767333984,12.372377395629883,12.91491413116455,11.572555541992188,10.068977355957031,8.926639556884766,9.48000717163086,8.401564598083496,call_ee227bc9d7ac,human,train
0.24065217391304355,0.43945652173913113,14.0,18.0,3.162857142857144,2.4274131691736267,4.492222222222229,3.60845389414537,3.414,3.740000000000002,1.7695660484988993,2.6800000000000126,4.550000000000001,0.9,4.0950000000000015,3.2749999999999844,0.8200000000000172,0.1,0.1,-1.8386558145303096,3.0585471795894303,0.3343313393379234,0.5183263175104197,0.767474804825793,1.0,0.07142857142857142,58.85999999999986,60.319999999999865,1.4600000000000222,184.0,-0.17240634564319107,-71.22073364257812,77.43399047851562,-4.992310047149658,30.80542755126953,-37.366878509521484,-0.869594156742096,-21.11375617980957,5.9498186111450195,-12.487303733825684,-2.2573323249816895,-6.4816718101501465,-9.095017433166504,-12.503276824951172,102.98957824707031,28.306251525878906,36.20219802856445,23.566633224487305,23.813575744628906,15.599043846130371,18.275304794311523,15.484320640563965,13.313390731811523,13.272662162780762,11.937705993652344,10.881353378295898,8.908794403076172,call_eed2c7389776,synthetic,val
0.21140254436940437,0.5944714936390761,15.0,16.0,1.7946666666666635,1.6425259680003714,4.7312499999999975,2.836864190880487,3.4416913763379853e-15,0.9100000000000001,2.3419649869287134,-2.6340000000000003,1.4960000000000044,0.125,0.9650000000000059,0.01499999999999968,0.9500000000000062,0.25,0.25,-1.473079431765087,1.220098143408344,-0.3387057883426243,2341956926.635755,0.9152262075140126,2.0,0.13333333333333333,24.720000000000084,26.86000000000007,2.1399999999999864,127.34,-1.357156512608784,-181.32493591308594,80.70167541503906,-6.900391101837158,1.7580922842025757,-30.930694580078125,-33.6760368347168,-24.22193717956543,-21.05655860900879,-9.915950775146484,-10.25678825378418,-2.3604092597961426,-0.3440750241279602,-10.37166976928711,105.3644027709961,36.62631607055664,32.534114837646484,29.258556365966797,20.170764923095703,18.483156204223633,15.577978134155273,14.493806838989258,12.454604148864746,11.295276641845703,9.392601013183594,9.35672378540039,9.657033920288086,call_f003741555a1,human,train
0.2668438330467404,0.5415038299202748,15.0,19.0,2.275999999999998,1.6857394025570305,3.646315789473682,2.572993772419317,0.31555555555555714,1.480000000000004,1.4656292627409102,-1.307999999999997,1.6839999999999975,0.0,1.6400000000000006,-1.1799999999999962,2.8199999999999967,0.4444444444444444,0.4444444444444444,-0.25586285104503176,-1.8618391704300232,-0.25099193768107153,4.644599761572791,0.7406587881442764,4.0,0.26666666666666666,24.520000000000067,28.08000000000004,3.559999999999974,127.94,-0.17240634564319107,-110.16973876953125,86.1774673461914,-10.315302848815918,10.610044479370117,-49.07291030883789,-1.0052986145019531,-20.32392692565918,-1.5335675477981567,-13.55278205871582,-9.15650749206543,-9.589349746704102,-12.046557426452637,-4.96044921875,76.05349731445312,26.395498275756836,33.487152099609375,15.6395263671875,26.567541122436523,16.367971420288086,18.44304847717285,11.023526191711426,13.35201358795166,8.965468406677246,8.961750030517578,8.274314880371094,7.682826995849609,call_f0ad1cf1aa6a,synthetic,train
0.49571511773026433,0.3343872202346294,95.0,17.0,1.254315789473694,1.5614451151562871,4.72823529411766,3.016480682739838,-3.8573333333333446,-3.5400000000000205,2.6866471463310733,-7.476000000000022,-0.28799999999999987,0.0,-2.3200000000000003,-6.0600000000000165,3.740000000000016,1.0,0.8666666666666667,-0.21870767261056626,-0.9872318388969417,-0.9008791581332019,0.6965037536211273,1.2448580548974872,13.0,0.1368421052631579,40.83999999999884,69.73999999999936,28.900000000000517,240.38,-0.453790909505865,-171.1436309814453,89.53417205810547,-30.888309478759766,12.78785514831543,-40.789161682128906,-12.69199275970459,-25.129703521728516,4.246701240539551,-17.159217834472656,-2.664745569229126,-14.360136985778809,-7.335731029510498,-13.828166961669922,42.07022476196289,18.110254287719727,22.96915054321289,13.175182342529297,12.551009178161621,11.344161033630371,10.697443008422852,11.226423263549805,9.10299015045166,8.36002254486084,8.65878963470459,8.600686073303223,7.219740390777588,call_f1372119b403,synthetic,train
0.21404032860343503,0.5820761762509334,14.0,16.0,2.0471428571428536,1.6963255607822656,4.87125,2.933939065062529,0.7111111111111145,0.980000000000004,0.9026928165149299,0.12799999999999562,1.2520000000000107,0.0,1.2000000000000028,0.7600000000000051,0.4399999999999977,0.1111111111111111,0.1111111111111111,-2.183595098075005,3.2990689226410854,0.4274211066468923,1.269411771439004,0.8286307689934029,1.0,0.07142857142857142,27.300000000000054,28.380000000000052,1.0799999999999983,133.9,-0.17240634564319107,-268.50030517578125,101.45291900634766,-23.221406936645508,-28.18330192565918,-24.25876235961914,-26.28261947631836,-20.34392738342285,-8.561097145080566,-11.89505672454834,-7.093839168548584,-12.483671188354492,-5.541996955871582,-12.520881652832031,80.24546813964844,34.49712371826172,39.5996208190918,17.51313018798828,20.21390151977539,15.723238945007324,16.460384368896484,10.812511444091797,10.025594711303711,8.118067741394043,7.170834064483643,7.113247394561768,6.9013471603393555,call_f1b82a4a46f6,human,val
0.3027308906271439,0.5431590503636614,28.0,22.0,1.575714285714284,1.161063024533454,3.5981818181818195,2.428040055764461,-0.6350000000000008,-0.7299999999999938,1.561945901752039,-2.9219999999999926,1.145999999999971,0.0,0.8100000000000005,-1.7399999999999998,2.5500000000000003,0.5833333333333334,0.5833333333333334,-0.1939792734667669,-1.342996878350075,0.28573292258848143,2.459757321720126,0.7368487005055525,7.0,0.25,22.460000000000036,30.260000000000005,7.799999999999983,145.74,-2.016215753498857,-206.83033752441406,68.4949951171875,-7.118444442749023,-22.809572219848633,-35.40528869628906,-9.38131332397461,-27.943798065185547,-7.010643005371094,-17.08216094970703,-1.5025323629379272,-11.349605560302734,-7.818943023681641,-10.102840423583984,105.3607177734375,37.985164642333984,42.28275680541992,23.884695053100586,22.909116744995117,14.562681198120117,17.570768356323242,11.704070091247559,10.482994079589844,8.688115119934082,9.232345581054688,8.96430778503418,7.951870441436768,call_f202d4ff9f96,human,train
0.3173580346355216,0.4559001208215875,18.0,20.0,2.626666666666667,2.2384518459566336,3.3960000000000052,2.156363605702897,1.4099999999999993,1.8400000000000012,0.9469424480928094,-0.09600000000000075,2.091999999999999,0.375,2.0650000000000013,1.3199999999999967,0.7450000000000045,0.25,0.125,-1.1587433861182128,-0.47158715072994717,-0.4709386639546093,0.6715903882419996,0.8522024791006716,1.0,0.05555555555555555,33.77999999999989,34.459999999999894,0.6800000000000068,148.98,-0.17240634564319107,-137.20257568359375,88.10697174072266,-0.5472836494445801,26.620695114135742,-32.46784210205078,-8.067103385925293,-31.382173538208008,-5.663048267364502,-21.045085906982422,-2.4146289825439453,-7.393113136291504,-6.516927242279053,-8.124421119689941,97.5816879272461,26.121007919311523,32.79952621459961,25.880802154541016,22.503738403320312,15.20686149597168,16.439884185791016,14.635453224182129,12.169930458068848,11.809988975524902,10.094575881958008,9.073264122009277,10.376789093017578,call_f23bfe7d0e9e,synthetic,train
0.27436074637180297,0.45911080396222015,23.0,19.0,1.0356521739130404,0.8555894285937395,2.0978947368421026,1.7126021412408752,0.9818181818181841,1.1400000000000006,2.2366119596056966,-1.1799999999999962,4.0200000000000005,0.2727272727272727,2.370000000000001,-0.779999999999994,3.149999999999995,0.45454545454545453,0.36363636363636365,0.20472061278511597,-0.9446653206191922,0.14298810730201697,2.2780306972781728,0.826135887433037,4.0,0.17391304347826086,23.140000000000114,27.580000000000076,4.439999999999962,86.82,-0.453790909505865,-175.44288635253906,82.3526611328125,-21.665191650390625,13.752811431884766,-28.322132110595703,-13.242286682128906,-26.468833923339844,-19.789865493774414,-26.58612823486328,-7.674107074737549,-10.281599044799805,-2.1733922958374023,-7.867358207702637,111.95040130615234,28.849010467529297,42.274227142333984,30.163389205932617,26.767019271850586,17.38589859008789,17.356403350830078,18.598512649536133,13.431814193725586,15.984782218933105,11.822206497192383,10.214824676513672,11.478302001953125,call_f27db4ab1f5a,synthetic,train
0.28332182320441957,0.5272790055248612,12.0,24.0,2.734999999999997,3.406181880052796,2.544999999999997,1.983677141069079,0.14444444444444768,-0.8599999999999852,1.3715774463580335,-1.136000000000007,1.7240000000000066,0.0,1.5799999999999983,-1.0999999999999943,2.6799999999999926,0.5555555555555556,0.5555555555555556,0.22275143677400347,-1.9078768833414355,0.2681930882059214,9.495536101355539,1.24540470888753,5.0,0.4166666666666667,21.94000000000011,26.180000000000092,4.2399999999999665,115.84,-0.17240634564319107,-63.5219841003418,84.35911560058594,4.118195056915283,30.937849044799805,-26.78955078125,-0.11814550310373306,-20.563108444213867,4.831984519958496,-9.852231979370117,1.930498480796814,-4.23237419128418,-6.174119472503662,-13.233318328857422,80.89116668701172,23.688617706298828,27.32889747619629,19.387266159057617,17.972509384155273,14.719846725463867,13.902280807495117,14.4358549118042,12.451340675354004,11.167678833007812,10.415223121643066,8.708057403564453,8.78922176361084,call_f2ab1c408b36,synthetic,train
0.18246333385901234,0.5566945276770221,16.0,17.0,1.4462499999999965,1.1614585388639584,4.152941176470584,2.784697184310082,-0.6727272727272688,1.0,3.2001280966096877,-6.779999999999999,1.4200000000000017,0.0,1.120000000000008,-0.730000000000004,1.850000000000012,0.2727272727272727,0.2727272727272727,-1.3575977703040905,0.09360465491642156,-0.5378943785990972,4.756947163564912,0.8030828266626644,3.0,0.1875,33.08000000000011,33.9800000000001,0.8999999999999915,126.82,-1.6804367023188145,-177.32272338867188,39.35890197753906,-22.761014938354492,-2.2814345359802246,-30.216278076171875,-16.116661071777344,-22.403919219970703,-12.10012149810791,-19.241323471069336,1.3731807470321655,-5.724972248077393,-8.832590103149414,-6.861728668212891,91.00264739990234,33.25307083129883,45.07794189453125,23.368854522705078,25.610042572021484,13.889739036560059,17.653181076049805,10.965865135192871,8.766233444213867,9.376272201538086,7.919412612915039,7.46669864654541,6.990637302398682,call_f331303c4fb8,human,train
0.147617611580217,0.560313630880579,15.0,19.0,1.3053333333333321,0.6059028158229848,3.91157894736842,3.0067385078010402,3.3800000000000003,3.5400000000000063,0.4004283420824031,2.8199999999999914,3.8200000000000016,1.0,3.680000000000007,3.0300000000000007,0.6500000000000061,0.0,0.0,-0.340156055730578,-1.4028931487307774,-0.05437156342907507,0.11846992365796838,0.4641747819398446,0.0,0.0,38.74000000000002,39.08000000000003,0.3400000000000176,132.64,-1.357156512608784,-135.07736206054688,101.42131805419922,1.1275554895401,27.37131690979004,-24.154638290405273,-7.530335903167725,-21.742006301879883,-3.161248207092285,-18.59450340270996,3.697131633758545,-7.841778755187988,-3.120818614959717,-4.123049259185791,78.94486999511719,25.27197265625,25.362905502319336,24.837600708007812,22.231294631958008,13.55424690246582,14.928121566772461,12.77749252319336,9.358565330505371,10.076284408569336,8.364771842956543,7.5795793533325195,9.684576034545898,call_f5251fb3b1d9,synthetic,train
0.22548365577051394,0.550811652212587,17.0,29.0,2.385882352941179,1.1820374176596147,3.416551724137936,2.9176611746539804,1.7092307692307638,1.9599999999999937,1.6293956479366163,-0.8959999999999976,3.7639999999999945,0.38461538461538464,2.339999999999975,1.0,1.339999999999975,0.15384615384615385,0.15384615384615385,-0.44950688753844936,-0.16684926144952872,0.44784683533471514,0.9532917826635142,0.4954298839198994,2.0,0.11764705882352941,40.23999999999981,47.079999999999814,6.840000000000003,179.88,-0.17240634564319107,-132.56553649902344,108.06562042236328,27.54795265197754,32.74115753173828,-14.249855041503906,-7.200336933135986,-22.598344802856445,-11.30715274810791,-11.191741943359375,-4.071831703186035,-2.5980372428894043,-1.4183686971664429,-12.452763557434082,92.89102172851562,28.276363372802734,25.94343376159668,24.58059310913086,17.20861053466797,14.482059478759766,14.333101272583008,14.523598670959473,13.781818389892578,10.772069931030273,10.271973609924316,8.646814346313477,8.007119178771973,call_f68d3459fdc7,synthetic,train
0.2411749873928389,0.503403933434191,18.0,19.0,2.1255555555555534,2.0209987141186248,4.203157894736845,3.123468134237264,1.6816666666666649,2.4400000000000013,2.2544690185397407,-1.417999999999995,3.455999999999968,0.6666666666666666,2.6250000000000018,-0.6049999999999969,3.2299999999999986,0.3333333333333333,0.3333333333333333,0.11463387434453991,-0.5607468969837224,0.12287815271692498,1.3406158675118693,0.950809640277593,4.0,0.2222222222222222,40.51999999999997,43.599999999999966,3.0799999999999983,158.64,-0.453790909505865,-87.30233001708984,77.36115264892578,0.5752453207969666,34.259544372558594,-32.56315994262695,3.0949184894561768,-15.892563819885254,8.757210731506348,-12.428282737731934,-4.748003005981445,-8.470962524414062,-7.259043216705322,-13.423700332641602,90.04114532470703,28.24496841430664,36.49419021606445,22.238998413085938,23.07271385192871,15.407707214355469,17.620990753173828,15.919748306274414,12.907615661621094,13.44235897064209,11.737540245056152,11.245865821838379,9.699814796447754,call_f6ce5de7ac09,synthetic,val
0.3381873922207314,0.4470205020118794,13.0,9.0,2.7153846153846106,2.4614211510507986,5.184444444444441,5.271211353740475,2.3085714285714323,2.020000000000003,0.7292937595750447,1.8520000000000032,3.0320000000000027,0.5714285714285714,2.240000000000002,1.9500000000000064,0.2899999999999956,0.0,0.0,1.791249847092378,1.6199992080364343,-0.1512585423335108,0.31590695017413095,0.9064723782401217,0.0,0.0,22.420000000000087,23.22000000000007,0.799999999999983,104.38,-0.17240634564319107,-126.23345184326172,77.5558090209961,-14.860843658447266,9.285334587097168,-42.03384017944336,-4.1442179679870605,-21.30986785888672,9.700305938720703,-15.410115242004395,3.5700833797454834,-13.260063171386719,-6.332103252410889,-9.421112060546875,70.03369140625,26.75696563720703,32.858253479003906,18.072235107421875,27.59701156616211,14.12808895111084,16.53814125061035,10.439170837402344,12.363001823425293,10.600470542907715,9.19918441772461,8.385248184204102,7.798252582550049,call_f9fbabf70f7e,synthetic,val
0.2120582120582119,0.5590916360147127,10.0,17.0,2.6519999999999984,2.246600988159667,4.112941176470587,4.271332296225042,0.15555555555555728,1.1799999999999997,2.1349114533348317,-2.4279999999999986,1.432000000000008,0.0,1.3599999999999994,0.6799999999999997,0.6799999999999997,0.2222222222222222,0.2222222222222222,-1.7785492310578748,1.7304145745670674,-0.0008838136568946205,13.724430683209569,0.8471346106005029,2.0,0.2,28.620000000000047,29.260000000000048,0.6400000000000006,125.06,-6.511335427874503,-155.74362182617188,52.414459228515625,8.065174102783203,-6.634830474853516,-43.252197265625,-12.345610618591309,-25.549091339111328,-1.8757294416427612,-14.29830551147461,-4.083638668060303,-13.769721031188965,-12.191654205322266,-8.560267448425293,89.66807556152344,33.200714111328125,37.95566940307617,21.573802947998047,24.857858657836914,16.351438522338867,14.473498344421387,12.023192405700684,10.984469413757324,8.905625343322754,9.00672721862793,7.853572845458984,6.106716156005859,call_fa26d1186721,human,val
0.2669847328244281,0.5514312977099246,25.0,28.0,2.2384000000000053,1.6146917476719844,4.12785714285715,3.233239592932478,0.41846153846153106,1.1000000000000085,1.3176310102945854,-1.1039999999999963,1.364,0.07692307692307693,1.2599999999999625,-0.060000000000030695,1.3199999999999932,0.38461538461538464,0.38461538461538464,-1.0212614349471891,0.5990314155611243,-0.13861159233933537,3.1487505685470873,0.721359786879298,5.0,0.2,38.05999999999969,41.719999999999715,3.660000000000025,209.6,-2.729418803901351,-177.927001953125,82.14218139648438,-0.5171876549720764,6.173670768737793,-22.896276473999023,-15.47443962097168,-27.218412399291992,-23.346952438354492,-14.697563171386719,-5.456571578979492,-6.876972198486328,-6.258352756500244,-9.012591361999512,90.70817565917969,37.23717498779297,35.727474212646484,25.89527702331543,23.213621139526367,15.563560485839844,14.846938133239746,13.023049354553223,9.734845161437988,8.972267150878906,8.525097846984863,7.570481777191162,8.42920970916748,call_fa4d7f2897f4,human,train
0.27980225988700524,0.5206214689265535,16.0,18.0,2.4762499999999963,1.7274289963700393,4.095555555555554,4.020892966358793,2.4244444444444486,2.3200000000000074,0.9478292287715019,1.7679999999999993,3.028000000000008,0.5555555555555556,2.500000000000007,1.8800000000000097,0.6199999999999974,0.0,0.0,1.778324867305538,2.3571289557583164,-0.13308010060590036,0.3909469777921622,0.6975987867430361,0.0,0.0,28.260000000000076,30.300000000000068,2.039999999999992,141.6,-3.10925519794408,-152.31838989257812,65.3594970703125,-10.961441993713379,-4.656742572784424,-52.88747024536133,-12.717286109924316,-39.66767120361328,0.9473233222961426,-21.661312103271484,-0.3697739541530609,-17.480043411254883,-13.632415771484375,-15.434497833251953,73.70240020751953,27.854536056518555,38.23899841308594,20.071575164794922,27.20985221862793,13.315937042236328,15.91794204711914,9.306289672851562,11.611418724060059,8.310514450073242,7.613955497741699,8.010833740234375,7.128595352172852,call_fa9e18dd83dd,synthetic,val
0.16891891891891914,0.615090090090091,22.0,23.0,1.3636363636363653,1.4599207495755766,4.749565217391311,2.7393865994778617,-0.5226666666666694,0.7199999999999989,2.221181267304005,-4.228000000000009,1.2959999999999987,0.0,1.0900000000000034,-1.8099999999999978,2.9000000000000012,0.4666666666666667,0.4,-0.9689531605872442,-0.42273600473102935,-0.11217468022413873,4.2497090492110035,1.0706085489036419,6.0,0.2727272727272727,38.359999999999815,42.37999999999985,4.020000000000039,177.6,-2.365499148623004,-162.5615997314453,77.75990295410156,-41.402626037597656,-3.4888663291931152,-28.8369197845459,-19.37843894958496,-14.310561180114746,-21.683774948120117,-7.125282287597656,-8.57246208190918,-4.534005165100098,-1.1309826374053955,-8.57962417602539,99.26395416259766,37.76218795776367,36.27020263671875,32.820228576660156,25.325544357299805,20.56279945373535,15.863316535949707,15.490070343017578,11.652225494384766,9.30611515045166,10.662656784057617,8.824015617370605,8.694661140441895,call_fb1405943fed,human,val
0.17480347538270619,0.5179975175837823,17.0,39.0,1.988235294117651,1.573337536404764,2.568205128205132,2.039415290506862,2.2919999999999945,3.9199999999999875,3.300705379157613,-3.483999999999999,4.359999999999962,0.8,4.080000000000002,3.210000000000001,0.870000000000001,0.2,0.2,-1.5162645506490997,0.4561788222854113,-0.5134738230795365,1.440098332337488,0.79132361258664,2.0,0.11764705882352941,59.39999999999981,62.53999999999979,3.1399999999999864,193.36,-0.453790909505865,-96.45391845703125,78.53155517578125,0.3789249360561371,26.88863754272461,-32.17732620239258,2.443183422088623,-21.68592643737793,0.35571178793907166,-10.852062225341797,-2.867570638656616,-7.4126362800598145,-5.794107913970947,-15.106836318969727,81.09574890136719,28.8740291595459,35.69489669799805,28.402156829833984,25.086421966552734,16.317535400390625,17.506839752197266,15.225752830505371,12.782892227172852,13.674447059631348,11.778448104858398,10.684096336364746,9.12557315826416,call_fc8bda4b3374,synthetic,val
0.263743384814775,0.5354789934118167,25.0,28.0,1.9536000000000013,1.5681501968880411,3.5414285714285794,2.734958493137272,0.03666666666666459,0.2900000000000045,1.7268050137625757,-2.054000000000003,1.5160000000000096,0.08333333333333333,1.0299999999999763,-0.5000000000000075,1.5299999999999838,0.5,0.5,-0.6581402279517031,0.04785373847216645,-0.005256346887421422,47.09468090912707,0.8026976843188689,6.0,0.24,37.17999999999975,39.65999999999977,2.4799999999999898,185.18,-2.729418803901351,-201.85350036621094,64.81986999511719,-18.786184310913086,-15.13464641571045,-38.68291091918945,-8.643098831176758,-27.619741439819336,-11.242610931396484,-15.121574401855469,-3.273920774459839,-2.7546746730804443,-7.987770080566406,-9.872824668884277,101.0306167602539,36.88173294067383,44.87891387939453,27.19318389892578,27.686880111694336,17.025609970092773,15.953171730041504,11.3671236038208,11.252038955688477,8.835309982299805,10.321442604064941,8.491640090942383,8.10606861114502,call_fce92bad5095,human,train
0.18434442270058726,0.4767123287671235,10.0,18.0,2.826000000000003,1.6289886432998812,4.060000000000002,2.567350558238765,3.107500000000001,3.3300000000000036,2.136046289292444,0.8279999999999982,5.172000000000008,0.75,4.424999999999997,2.325000000000001,2.099999999999996,0.125,0.125,-0.6724264253772204,-0.11531850347102512,-0.6923060804540976,0.687384163670172,0.576429102166826,1.0,0.1,51.95999999999994,53.01999999999997,1.0600000000000307,153.3,-2.729418803901351,-131.73291015625,78.82440185546875,-10.09168815612793,-0.5934496521949768,-47.85243606567383,-23.49304962158203,-36.09944534301758,-2.155592679977417,-22.71993637084961,-2.8696389198303223,-12.872770309448242,-9.266969680786133,-11.1984281539917,86.30225372314453,26.881305694580078,32.66438293457031,20.21492576599121,27.233646392822266,16.129907608032227,14.901637077331543,11.701285362243652,9.882790565490723,9.61683177947998,8.036378860473633,7.741684436798096,7.40773344039917,call_fdc3a7dac09f,synthetic,train
0.4216119402985082,0.3296716417910452,20.0,16.0,3.531000000000006,3.2666035878263475,3.4512500000000044,2.6671986123084235,0.8381818181818129,2.6200000000000045,3.03352725441948,-4.059999999999988,3.6400000000000006,0.5454545454545454,3.1199999999999832,-1.680000000000021,4.800000000000004,0.36363636363636365,0.36363636363636365,-0.5532587292288945,-1.248433296440947,-0.15858760420523282,3.6191756788290195,0.925121378335095,4.0,0.2,41.65999999999981,44.37999999999994,2.7200000000001268,167.5,-0.17240634564319107,-124.69110870361328,71.79154968261719,-23.114599227905273,2.4688405990600586,-58.530208587646484,-15.081576347351074,-23.29360580444336,-10.381759643554688,-20.339353561401367,-15.833556175231934,-16.246427536010742,-15.808121681213379,-8.010215759277344,78.37145233154297,22.487192153930664,33.74532699584961,15.467757225036621,23.61337661743164,15.606544494628906,16.24946403503418,10.38973331451416,11.415040969848633,10.021637916564941,8.674826622009277,7.917081832885742,7.601680278778076,call_fdc44f969ade,synthetic,train
0.34264850442353606,0.4337873894115999,13.0,17.0,3.7538461538461543,3.160685267619467,3.6341176470588263,2.29112625482991,1.3439999999999985,1.7399999999999984,1.3128838486324725,-1.0320000000000022,2.638000000000004,0.2,1.8100000000000076,1.624999999999993,0.1850000000000147,0.2,0.2,-1.1601999609515399,-0.0430367657283508,0.2495020203287905,0.9768481009342453,0.8419858292644928,2.0,0.15384615384615385,31.839999999999932,33.71999999999994,1.8800000000000239,142.42,-1.357156512608784,-159.3260498046875,68.86751556396484,-26.91853904724121,13.740052223205566,-41.58930587768555,-10.108272552490234,-35.35591125488281,-8.52786636352539,-20.7932071685791,-7.200567722320557,-11.151288032531738,-8.070857048034668,-10.587120056152344,80.29071807861328,28.225364685058594,35.177730560302734,23.654354095458984,26.219158172607422,13.420560836791992,15.438885688781738,14.900948524475098,11.656609535217285,10.314456939697266,10.345304489135742,9.64315128326416,8.247550010681152,call_fe828697f60d,synthetic,train
0.48308150670355604,0.33868908278357085,75.0,15.0,1.2106666666666719,1.3305771512977194,4.243999999999999,3.5323661569359768,-4.376363636363638,-3.8400000000000003,3.2555610401204875,-9.14,-0.9000000000000057,0.0,-1.3299999999999983,-5.889999999999997,4.559999999999999,1.0,1.0,-0.6300027394037299,-0.6848765559962162,-0.9837712324509295,0.7438963737669815,1.0990450029174024,11.0,0.14666666666666667,33.49999999999963,59.939999999999685,26.440000000000055,187.96,-0.17240634564319107,-171.64605712890625,79.28810119628906,-34.24977493286133,6.771902084350586,-47.42451858520508,-14.182969093322754,-25.17487907409668,4.051053047180176,-15.384526252746582,-4.260310173034668,-11.102176666259766,-9.579351425170898,-11.560344696044922,58.66312026977539,17.601024627685547,22.459789276123047,14.499384880065918,16.826335906982422,12.078116416931152,11.958412170410156,11.296425819396973,9.510693550109863,8.307379722595215,8.806964874267578,8.900938987731934,7.372827529907227,call_fe8e4fc3ef69,synthetic,train
0.45956924239561747,0.3680332514641987,19.0,20.0,5.121052631578954,4.21315970281693,3.896000000000007,3.262052114850414,1.7383333333333237,1.740000000000002,0.2459618308238516,1.4080000000000008,2.040000000000006,0.25,1.9049999999999683,1.5549999999999642,0.3500000000000041,0.0,0.0,0.14017627805715727,-1.1060163176232194,0.3513647026331233,0.14149290355648708,0.8227136108724564,0.0,0.0,36.499999999999744,37.539999999999736,1.039999999999992,211.72,-2.365499148623004,-156.02638244628906,73.14024353027344,-24.946571350097656,11.550267219543457,-40.49003601074219,-9.3140869140625,-34.416099548339844,-8.11249828338623,-21.636089324951172,-8.957460403442383,-10.841137886047363,-9.759871482849121,-10.314044952392578,95.34166717529297,28.749452590942383,34.21726989746094,23.857540130615234,25.19398307800293,14.148773193359375,16.453100204467773,14.64163589477539,11.63066291809082,10.551470756530762,10.27682113647461,9.210190773010254,7.65268087387085,call_feaca5a8cd14,synthetic,train
0.26710353866317127,0.46290956749672285,12.0,14.0,1.6983333333333306,1.5690009206144182,2.522857142857139,1.933403470461311,0.1057142857142879,0.5400000000000063,2.3355321029867335,-2.62,2.1280000000000037,0.14285714285714285,1.8800000000000021,-0.5199999999999996,2.4000000000000017,0.42857142857142855,0.2857142857142857,-1.1673031165550622,0.2496488828122745,-0.08945048018025117,22.092871035482027,0.9238474502594151,2.0,0.16666666666666666,20.60000000000008,22.820000000000064,2.2199999999999918,76.3,-0.17240634564319107,-166.5762176513672,76.11843872070312,-18.6365909576416,-11.455862998962402,-57.42681121826172,-15.866622924804688,-22.42064666748047,-4.944451808929443,-24.48613166809082,-10.0097074508667,-12.221712112426758,-13.78585433959961,-7.979894638061523,89.52483367919922,27.392009735107422,31.52998924255371,15.888609886169434,26.773426055908203,16.429672241210938,18.33230209350586,11.850136756896973,11.488044738769531,10.633844375610352,9.79093074798584,7.289626598358154,7.192624568939209,call_ff4042587962,synthetic,train
0.3794007490636706,0.45930087390761637,25.0,20.0,2.4312000000000014,1.3962473133367126,3.679000000000007,2.967837428162133,-0.46222222222222936,0.6599999999999966,1.873308290329515,-3.4319999999999995,1.0959999999999994,0.0,0.8400000000000034,-1.3400000000000318,2.1800000000000352,0.4444444444444444,0.4444444444444444,-0.9149778588578383,-0.7473155070895445,-0.36030229905286354,4.052830427040841,0.5743037647097763,4.0,0.16,25.839999999999804,28.659999999999883,2.8200000000000784,160.2,-3.506464564079912,-163.0576934814453,87.73179626464844,-5.405403137207031,-6.568166255950928,-17.22853660583496,-14.91698169708252,-28.80398941040039,-21.686201095581055,-11.374757766723633,-6.3648200035095215,-4.129964828491211,-7.383094310760498,-10.894978523254395,86.28308868408203,36.185848236083984,36.96928787231445,24.74822235107422,18.216182708740234,16.251968383789062,13.686842918395996,11.491981506347656,9.075648307800293,9.097557067871094,8.07168197631836,6.664060115814209,6.965775489807129,call_fff8cae57de7,human,train
